success,2017-11-16T18:41:43,2017-11-16T18:41:49
success,2017-11-16T18:41:49,2017-11-16T18:41:57
success,2017-11-16T18:41:54,2017-11-16T18:42:03
success,2017-11-16T18:42:03,2017-11-16T18:42:12
success,2017-11-16T18:42:12,2017-11-16T18:42:20
success,2017-11-16T18:42:20,2017-11-16T18:42:43
success,2017-11-16T18:42:25,2017-11-16T18:42:49
success,2017-11-16T18:42:49,2017-11-16T18:42:57
success,2017-11-16T18:42:57,2017-11-16T18:43:17
success,2017-11-16T18:42:59,2017-11-16T18:43:23
success,2017-11-16T18:43:02,2017-11-16T18:43:26
success,2017-11-16T18:43:22,2017-11-16T18:43:28
success,2017-11-16T18:43:23,2017-11-16T18:43:32
success,2017-11-16T18:43:26,2017-11-16T18:43:35
success,2017-11-16T18:43:28,2017-11-16T18:43:38
success,2017-11-16T18:43:32,2017-11-16T18:43:49
success,2017-11-16T18:43:35,2017-11-16T18:43:52
success,2017-11-16T18:43:38,2017-11-16T18:43:58
success,2017-11-16T18:43:38,2017-11-16T18:44:04
success,2017-11-16T18:43:46,2017-11-16T18:44:07
success,2017-11-16T18:43:52,2017-11-16T18:44:18
success,2017-11-16T18:43:58,2017-11-16T18:44:25
success,2017-11-16T18:43:58,2017-11-16T18:44:27
success,2017-11-16T18:44:27,2017-11-16T18:44:30
success,2017-11-16T18:44:07,2017-11-16T18:44:34
success,2017-11-16T18:44:08,2017-11-16T18:44:40
success,2017-11-16T18:44:30,2017-11-16T18:44:41
success,2017-11-16T18:44:25,2017-11-16T18:44:45
success,2017-11-16T18:44:43,2017-11-16T18:44:49
success,2017-11-16T18:44:43,2017-11-16T18:44:52
success,2017-11-16T18:44:10,2017-11-16T18:44:54
success,2017-11-16T18:44:34,2017-11-16T18:45:01
success,2017-11-16T18:44:35,2017-11-16T18:45:09
success,2017-11-16T18:44:37,2017-11-16T18:45:15
success,2017-11-16T18:45:15,2017-11-16T18:45:18
success,2017-11-16T18:44:37,2017-11-16T18:45:21
success,2017-11-16T18:44:54,2017-11-16T18:45:29
success,2017-11-16T18:45:15,2017-11-16T18:45:34
success,2017-11-16T18:45:20,2017-11-16T18:45:40
success,2017-11-16T18:44:40,2017-11-16T18:45:45
success,2017-11-16T18:45:21,2017-11-16T18:45:46
success,2017-11-16T18:45:18,2017-11-16T18:45:50
success,2017-11-16T18:45:29,2017-11-16T18:45:55
success,2017-11-16T18:45:38,2017-11-16T18:46:03
success,2017-11-16T18:45:33,2017-11-16T18:46:04
success,2017-11-16T18:45:30,2017-11-16T18:46:07
success,2017-11-16T18:44:55,2017-11-16T18:46:11
success,2017-11-16T18:46:04,2017-11-16T18:46:16
success,2017-11-16T18:45:45,2017-11-16T18:46:19
success,2017-11-16T18:44:56,2017-11-16T18:46:21
error,2017-11-16T18:45:55,2017-11-16T18:46:28
error,2017-11-16T18:46:16,2017-11-16T18:46:28
error,2017-11-16T18:45:43,2017-11-16T18:46:28
success,2017-11-16T18:45:33,2017-11-16T18:46:31
error,2017-11-16T18:45:46,2017-11-16T18:46:34
error,2017-11-16T18:46:06,2017-11-16T18:46:37
error,2017-11-16T18:46:11,2017-11-16T18:46:38
error,2017-11-16T18:46:21,2017-11-16T18:46:38
error,2017-11-16T18:45:29,2017-11-16T18:46:38
error,2017-11-16T18:45:53,2017-11-16T18:46:38
error,2017-11-16T18:45:34,2017-11-16T18:46:40
error,2017-11-16T18:45:40,2017-11-16T18:46:40
error,2017-11-16T18:45:43,2017-11-16T18:46:49
error,2017-11-16T18:45:51,2017-11-16T18:46:49
success,2017-11-16T18:46:43,2017-11-16T18:46:56
success,2017-11-16T18:46:37,2017-11-16T18:47:02
success,2017-11-16T18:45:47,2017-11-16T18:47:03
success,2017-11-16T18:46:07,2017-11-16T18:47:09
success,2017-11-16T18:46:55,2017-11-16T18:47:10
success,2017-11-16T18:44:59,2017-11-16T18:47:10
success,2017-11-16T18:46:31,2017-11-16T18:47:11
success,2017-11-16T18:46:48,2017-11-16T18:47:12
success,2017-11-16T18:46:03,2017-11-16T18:47:15
success,2017-11-16T18:44:59,2017-11-16T18:47:17
success,2017-11-16T18:47:02,2017-11-16T18:47:19
success,2017-11-16T18:47:10,2017-11-16T18:47:19
success,2017-11-16T18:45:50,2017-11-16T18:47:30
success,2017-11-16T18:45:56,2017-11-16T18:47:32
success,2017-11-16T18:47:10,2017-11-16T18:47:33
success,2017-11-16T18:47:14,2017-11-16T18:47:36
success,2017-11-16T18:47:19,2017-11-16T18:47:37
error,2017-11-16T18:44:45,2017-11-16T18:47:40
error,2017-11-16T18:46:30,2017-11-16T18:47:46
error,2017-11-16T18:46:01,2017-11-16T18:47:47
error,2017-11-16T18:47:00,2017-11-16T18:47:47
error,2017-11-16T18:47:09,2017-11-16T18:47:47
error,2017-11-16T18:47:11,2017-11-16T18:47:47
error,2017-11-16T18:45:50,2017-11-16T18:47:48
error,2017-11-16T18:46:52,2017-11-16T18:47:48
error,2017-11-16T18:47:17,2017-11-16T18:47:48
error,2017-11-16T18:47:10,2017-11-16T18:47:49
error,2017-11-16T18:46:46,2017-11-16T18:47:49
error,2017-11-16T18:47:33,2017-11-16T18:47:49
error,2017-11-16T18:47:12,2017-11-16T18:47:52
success,2017-11-16T18:47:22,2017-11-16T18:47:54
success,2017-11-16T18:47:23,2017-11-16T18:47:55
success,2017-11-16T18:47:12,2017-11-16T18:47:58
error,2017-11-16T18:46:42,2017-11-16T18:47:58
error,2017-11-16T18:47:38,2017-11-16T18:47:58
error,2017-11-16T18:47:01,2017-11-16T18:47:58
error,2017-11-16T18:46:56,2017-11-16T18:47:58
error,2017-11-16T18:45:06,2017-11-16T18:48:01
error,2017-11-16T18:47:40,2017-11-16T18:48:01
success,2017-11-16T18:47:54,2017-11-16T18:48:03
error,2017-11-16T18:44:47,2017-11-16T18:48:04
success,2017-11-16T18:47:55,2017-11-16T18:48:05
success,2017-11-16T18:45:03,2017-11-16T18:48:06
success,2017-11-16T18:44:52,2017-11-16T18:48:10
success,2017-11-16T18:45:09,2017-11-16T18:48:13
success,2017-11-16T18:48:03,2017-11-16T18:48:13
success,2017-11-16T18:47:37,2017-11-16T18:48:14
success,2017-11-16T18:47:03,2017-11-16T18:48:18
success,2017-11-16T18:47:55,2017-11-16T18:48:20
success,2017-11-16T18:47:45,2017-11-16T18:48:22
success,2017-11-16T18:47:36,2017-11-16T18:48:22
success,2017-11-16T18:47:36,2017-11-16T18:48:30
success,2017-11-16T18:48:13,2017-11-16T18:48:32
success,2017-11-16T18:48:13,2017-11-16T18:48:32
success,2017-11-16T18:48:22,2017-11-16T18:48:36
error,2017-11-16T18:47:11,2017-11-16T18:48:38
success,2017-11-16T18:48:01,2017-11-16T18:48:38
success,2017-11-16T18:48:18,2017-11-16T18:48:44
success,2017-11-16T18:47:53,2017-11-16T18:48:44
success,2017-11-16T18:47:15,2017-11-16T18:48:50
success,2017-11-16T18:48:00,2017-11-16T18:48:53
success,2017-11-16T18:44:49,2017-11-16T18:48:54
success,2017-11-16T18:47:40,2017-11-16T18:48:54
error,2017-11-16T18:47:19,2017-11-16T18:48:58
error,2017-11-16T18:47:32,2017-11-16T18:48:58
success,2017-11-16T18:48:10,2017-11-16T18:49:04
error,2017-11-16T18:47:55,2017-11-16T18:49:07
error,2017-11-16T18:48:20,2017-11-16T18:49:08
error,2017-11-16T18:48:13,2017-11-16T18:49:08
error,2017-11-16T18:48:44,2017-11-16T18:49:08
error,2017-11-16T18:48:38,2017-11-16T18:49:08
success,2017-11-16T18:48:07,2017-11-16T18:49:12
error,2017-11-16T18:48:05,2017-11-16T18:49:13
success,2017-11-16T18:48:53,2017-11-16T18:49:17
success,2017-11-16T18:46:19,2017-11-16T18:49:19
success,2017-11-16T18:48:36,2017-11-16T18:49:23
error,2017-11-16T18:48:12,2017-11-16T18:49:24
success,2017-11-16T18:47:58,2017-11-16T18:49:26
success,2017-11-16T18:48:25,2017-11-16T18:49:27
success,2017-11-16T18:48:56,2017-11-16T18:49:28
error,2017-11-16T18:49:03,2017-11-16T18:49:33
success,2017-11-16T18:48:37,2017-11-16T18:49:40
success,2017-11-16T18:48:32,2017-11-16T18:49:41
error,2017-11-16T18:49:26,2017-11-16T18:49:42
error,2017-11-16T18:49:26,2017-11-16T18:49:45
success,2017-11-16T18:48:30,2017-11-16T18:49:46
error,2017-11-16T18:49:21,2017-11-16T18:49:51
success,2017-11-16T18:49:28,2017-11-16T18:49:52
success,2017-11-16T18:49:27,2017-11-16T18:49:53
success,2017-11-16T18:49:17,2017-11-16T18:49:54
error,2017-11-16T18:49:48,2017-11-16T18:49:57
success,2017-11-16T18:48:42,2017-11-16T18:49:59
error,2017-11-16T18:49:56,2017-11-16T18:50:03
success,2017-11-16T18:49:30,2017-11-16T18:50:03
success,2017-11-16T18:49:35,2017-11-16T18:50:05
success,2017-11-16T18:49:24,2017-11-16T18:50:07
success,2017-11-16T18:49:46,2017-11-16T18:50:07
success,2017-11-16T18:50:04,2017-11-16T18:50:10
success,2017-11-16T18:50:05,2017-11-16T18:50:13
success,2017-11-16T18:50:13,2017-11-16T18:50:18
success,2017-11-16T18:49:32,2017-11-16T18:50:19
error,2017-11-16T18:49:59,2017-11-16T18:50:19
error,2017-11-16T18:50:14,2017-11-16T18:50:19
error,2017-11-16T18:50:19,2017-11-16T18:50:19
error,2017-11-16T18:50:21,2017-11-16T18:50:21
success,2017-11-16T18:49:11,2017-11-16T18:50:25
success,2017-11-16T18:49:42,2017-11-16T18:50:26
error,2017-11-16T18:50:27,2017-11-16T18:50:28
error,2017-11-16T18:50:15,2017-11-16T18:50:28
error,2017-11-16T18:48:14,2017-11-16T18:50:28
error,2017-11-16T18:48:50,2017-11-16T18:50:28
error,2017-11-16T18:48:54,2017-11-16T18:50:28
error,2017-11-16T18:49:57,2017-11-16T18:50:28
error,2017-11-16T18:50:10,2017-11-16T18:50:28
error,2017-11-16T18:49:54,2017-11-16T18:50:28
error,2017-11-16T18:50:26,2017-11-16T18:50:28
error,2017-11-16T18:48:22,2017-11-16T18:50:28
error,2017-11-16T18:50:29,2017-11-16T18:50:29
error,2017-11-16T18:50:21,2017-11-16T18:50:31
error,2017-11-16T18:50:25,2017-11-16T18:50:31
error,2017-11-16T18:49:19,2017-11-16T18:50:31
error,2017-11-16T18:49:40,2017-11-16T18:50:31
error,2017-11-16T18:49:53,2017-11-16T18:50:31
error,2017-11-16T18:50:18,2017-11-16T18:50:31
error,2017-11-16T18:50:24,2017-11-16T18:50:31
error,2017-11-16T18:50:18,2017-11-16T18:50:31
error,2017-11-16T18:50:34,2017-11-16T18:50:34
error,2017-11-16T18:49:04,2017-11-16T18:50:37
error,2017-11-16T18:50:13,2017-11-16T18:50:37
success,2017-11-16T18:50:25,2017-11-16T18:50:41
error,2017-11-16T18:49:52,2017-11-16T18:50:43
success,2017-11-16T18:50:42,2017-11-16T18:50:50
success,2017-11-16T18:49:12,2017-11-16T18:50:53
success,2017-11-16T18:50:03,2017-11-16T18:50:53
success,2017-11-16T18:50:18,2017-11-16T18:50:56
error,2017-11-16T18:48:40,2017-11-16T18:50:56
success,2017-11-16T18:48:10,2017-11-16T18:50:58
success,2017-11-16T18:50:50,2017-11-16T18:51:05
success,2017-11-16T18:50:41,2017-11-16T18:51:06
success,2017-11-16T18:50:35,2017-11-16T18:51:07
success,2017-11-16T18:50:39,2017-11-16T18:51:09
success,2017-11-16T18:48:27,2017-11-16T18:51:09
error,2017-11-16T18:50:49,2017-11-16T18:51:12
success,2017-11-16T18:50:37,2017-11-16T18:51:12
success,2017-11-16T18:49:17,2017-11-16T18:51:14
success,2017-11-16T18:50:55,2017-11-16T18:51:18
success,2017-11-16T18:49:54,2017-11-16T18:51:21
success,2017-11-16T18:50:31,2017-11-16T18:51:26
success,2017-11-16T18:51:18,2017-11-16T18:51:27
error,2017-11-16T18:50:03,2017-11-16T18:51:28
error,2017-11-16T18:50:18,2017-11-16T18:51:28
success,2017-11-16T18:50:54,2017-11-16T18:51:29
success,2017-11-16T18:50:58,2017-11-16T18:51:30
success,2017-11-16T18:50:49,2017-11-16T18:51:35
success,2017-11-16T18:50:56,2017-11-16T18:51:35
error,2017-11-16T18:50:07,2017-11-16T18:51:37
error,2017-11-16T18:50:26,2017-11-16T18:51:48
error,2017-11-16T18:50:07,2017-11-16T18:51:48
error,2017-11-16T18:48:44,2017-11-16T18:51:48
error,2017-11-16T18:48:54,2017-11-16T18:51:48
error,2017-11-16T18:51:06,2017-11-16T18:51:48
error,2017-11-16T18:51:35,2017-11-16T18:51:48
error,2017-11-16T18:51:14,2017-11-16T18:51:48
error,2017-11-16T18:49:23,2017-11-16T18:51:48
error,2017-11-16T18:51:09,2017-11-16T18:51:48
error,2017-11-16T18:51:07,2017-11-16T18:51:48
error,2017-11-16T18:51:21,2017-11-16T18:51:54
error,2017-11-16T18:51:09,2017-11-16T18:51:54
error,2017-11-16T18:51:35,2017-11-16T18:51:54
error,2017-11-16T18:48:32,2017-11-16T18:51:54
error,2017-11-16T18:51:19,2017-11-16T18:51:54
error,2017-11-16T18:49:22,2017-11-16T18:51:54
error,2017-11-16T18:50:50,2017-11-16T18:51:54
error,2017-11-16T18:51:26,2017-11-16T18:51:54
error,2017-11-16T18:48:26,2017-11-16T18:51:54
error,2017-11-16T18:51:10,2017-11-16T18:51:54
error,2017-11-16T18:50:53,2017-11-16T18:51:54
error,2017-11-16T18:51:21,2017-11-16T18:51:54
success,2017-11-16T18:51:48,2017-11-16T18:52:03
success,2017-11-16T18:51:09,2017-11-16T18:52:03
error,2017-11-16T18:49:05,2017-11-16T18:52:06
success,2017-11-16T18:51:10,2017-11-16T18:52:08
error,2017-11-16T18:52:04,2017-11-16T18:52:10
success,2017-11-16T18:50:50,2017-11-16T18:52:10
error,2017-11-16T18:51:38,2017-11-16T18:52:12
error,2017-11-16T18:51:27,2017-11-16T18:52:12
error,2017-11-16T18:51:22,2017-11-16T18:52:15
error,2017-11-16T18:52:08,2017-11-16T18:52:16
success,2017-11-16T18:52:05,2017-11-16T18:52:16
success,2017-11-16T18:52:03,2017-11-16T18:52:17
success,2017-11-16T18:51:33,2017-11-16T18:52:18
error,2017-11-16T18:50:53,2017-11-16T18:52:18
error,2017-11-16T18:51:28,2017-11-16T18:52:22
success,2017-11-16T18:52:02,2017-11-16T18:52:22
error,2017-11-16T18:52:10,2017-11-16T18:52:25
error,2017-11-16T18:51:55,2017-11-16T18:52:27
success,2017-11-16T18:51:42,2017-11-16T18:52:28
success,2017-11-16T18:51:48,2017-11-16T18:52:29
success,2017-11-16T18:52:17,2017-11-16T18:52:31
success,2017-11-16T18:52:12,2017-11-16T18:52:31
success,2017-11-16T18:52:15,2017-11-16T18:52:36
success,2017-11-16T18:52:18,2017-11-16T18:52:40
success,2017-11-16T18:51:40,2017-11-16T18:52:42
success,2017-11-16T18:51:21,2017-11-16T18:52:43
success,2017-11-16T18:52:22,2017-11-16T18:52:43
success,2017-11-16T18:50:52,2017-11-16T18:52:45
success,2017-11-16T18:52:18,2017-11-16T18:52:45
error,2017-11-16T18:50:58,2017-11-16T18:52:48
success,2017-11-16T18:52:03,2017-11-16T18:52:49
success,2017-11-16T18:51:40,2017-11-16T18:52:50
success,2017-11-16T18:52:28,2017-11-16T18:52:53
success,2017-11-16T18:52:19,2017-11-16T18:52:56
success,2017-11-16T18:52:16,2017-11-16T18:52:56
success,2017-11-16T18:52:01,2017-11-16T18:52:58
success,2017-11-16T18:52:15,2017-11-16T18:52:59
success,2017-11-16T18:52:29,2017-11-16T18:53:00
success,2017-11-16T18:52:27,2017-11-16T18:53:02
success,2017-11-16T18:52:31,2017-11-16T18:53:03
error,2017-11-16T18:48:58,2017-11-16T18:53:08
error,2017-11-16T18:51:29,2017-11-16T18:53:08
error,2017-11-16T18:52:42,2017-11-16T18:53:08
error,2017-11-16T18:48:30,2017-11-16T18:53:08
error,2017-11-16T18:52:33,2017-11-16T18:53:08
error,2017-11-16T18:52:49,2017-11-16T18:53:08
error,2017-11-16T18:52:34,2017-11-16T18:53:08
error,2017-11-16T18:52:53,2017-11-16T18:53:08
error,2017-11-16T18:53:06,2017-11-16T18:53:08
error,2017-11-16T18:52:55,2017-11-16T18:53:08
error,2017-11-16T18:52:52,2017-11-16T18:53:08
error,2017-11-16T18:53:03,2017-11-16T18:53:08
error,2017-11-16T18:52:54,2017-11-16T18:53:08
error,2017-11-16T18:51:00,2017-11-16T18:53:08
error,2017-11-16T18:51:07,2017-11-16T18:53:08
error,2017-11-16T18:52:35,2017-11-16T18:53:11
error,2017-11-16T18:53:12,2017-11-16T18:53:12
error,2017-11-16T18:52:59,2017-11-16T18:53:14
error,2017-11-16T18:53:08,2017-11-16T18:53:14
error,2017-11-16T18:52:54,2017-11-16T18:53:14
error,2017-11-16T18:52:41,2017-11-16T18:53:14
error,2017-11-16T18:52:40,2017-11-16T18:53:14
error,2017-11-16T18:52:58,2017-11-16T18:53:17
error,2017-11-16T18:52:36,2017-11-16T18:53:20
error,2017-11-16T18:51:05,2017-11-16T18:53:26
error,2017-11-16T18:52:28,2017-11-16T18:53:29
error,2017-11-16T18:53:03,2017-11-16T18:53:29
error,2017-11-16T18:53:02,2017-11-16T18:53:32
success,2017-11-16T18:53:15,2017-11-16T18:53:33
success,2017-11-16T18:53:26,2017-11-16T18:53:36
success,2017-11-16T18:53:16,2017-11-16T18:53:39
error,2017-11-16T18:52:31,2017-11-16T18:53:41
success,2017-11-16T18:53:26,2017-11-16T18:53:45
success,2017-11-16T18:53:12,2017-11-16T18:53:46
success,2017-11-16T18:53:03,2017-11-16T18:53:49
success,2017-11-16T18:53:06,2017-11-16T18:53:54
success,2017-11-16T18:53:16,2017-11-16T18:53:59
success,2017-11-16T18:53:22,2017-11-16T18:54:00
success,2017-11-16T18:52:51,2017-11-16T18:54:06
error,2017-11-16T18:52:56,2017-11-16T18:54:08
success,2017-11-16T18:52:38,2017-11-16T18:54:10
error,2017-11-16T18:52:56,2017-11-16T18:54:10
error,2017-11-16T18:51:00,2017-11-16T18:54:10
error,2017-11-16T18:53:00,2017-11-16T18:54:10
success,2017-11-16T18:53:29,2017-11-16T18:54:11
success,2017-11-16T18:53:33,2017-11-16T18:54:12
success,2017-11-16T18:54:11,2017-11-16T18:54:13
success,2017-11-16T18:53:22,2017-11-16T18:54:16
success,2017-11-16T18:52:52,2017-11-16T18:54:19
success,2017-11-16T18:52:45,2017-11-16T18:54:23
success,2017-11-16T18:53:36,2017-11-16T18:54:24
success,2017-11-16T18:53:13,2017-11-16T18:54:27
error,2017-11-16T18:52:43,2017-11-16T18:54:28
error,2017-11-16T18:51:45,2017-11-16T18:54:28
error,2017-11-16T18:53:52,2017-11-16T18:54:28
error,2017-11-16T18:52:45,2017-11-16T18:54:28
error,2017-11-16T18:51:03,2017-11-16T18:54:28
error,2017-11-16T18:53:15,2017-11-16T18:54:28
error,2017-11-16T18:53:22,2017-11-16T18:54:28
error,2017-11-16T18:51:45,2017-11-16T18:54:28
error,2017-11-16T18:53:59,2017-11-16T18:54:28
error,2017-11-16T18:52:50,2017-11-16T18:54:28
error,2017-11-16T18:52:10,2017-11-16T18:54:28
error,2017-11-16T18:53:34,2017-11-16T18:54:28
error,2017-11-16T18:53:39,2017-11-16T18:54:28
error,2017-11-16T18:53:31,2017-11-16T18:54:28
error,2017-11-16T18:53:31,2017-11-16T18:54:28
error,2017-11-16T18:53:22,2017-11-16T18:54:28
error,2017-11-16T18:53:29,2017-11-16T18:54:28
error,2017-11-16T18:51:30,2017-11-16T18:54:28
error,2017-11-16T18:53:22,2017-11-16T18:54:29
error,2017-11-16T18:54:12,2017-11-16T18:54:29
error,2017-11-16T18:54:19,2017-11-16T18:54:29
error,2017-11-16T18:52:40,2017-11-16T18:54:29
error,2017-11-16T18:54:27,2017-11-16T18:54:29
error,2017-11-16T18:52:46,2017-11-16T18:54:29
error,2017-11-16T18:52:53,2017-11-16T18:54:29
error,2017-11-16T18:53:45,2017-11-16T18:54:29
error,2017-11-16T18:51:46,2017-11-16T18:54:29
error,2017-11-16T18:52:47,2017-11-16T18:54:29
error,2017-11-16T18:53:37,2017-11-16T18:54:29
error,2017-11-16T18:54:00,2017-11-16T18:54:32
error,2017-11-16T18:53:54,2017-11-16T18:54:32
error,2017-11-16T18:54:29,2017-11-16T18:54:32
error,2017-11-16T18:54:30,2017-11-16T18:54:38
error,2017-11-16T18:54:07,2017-11-16T18:54:41
error,2017-11-16T18:54:24,2017-11-16T18:54:44
error,2017-11-16T18:54:32,2017-11-16T18:54:47
error,2017-11-16T18:54:28,2017-11-16T18:54:50
error,2017-11-16T18:53:46,2017-11-16T18:54:53
success,2017-11-16T18:54:31,2017-11-16T18:54:54
success,2017-11-16T18:53:43,2017-11-16T18:54:55
error,2017-11-16T18:54:39,2017-11-16T18:54:56
error,2017-11-16T18:54:55,2017-11-16T18:54:56
error,2017-11-16T18:54:56,2017-11-16T18:54:56
success,2017-11-16T18:53:36,2017-11-16T18:54:58
success,2017-11-16T18:54:03,2017-11-16T18:54:58
success,2017-11-16T18:54:32,2017-11-16T18:55:01
error,2017-11-16T18:54:16,2017-11-16T18:55:02
success,2017-11-16T18:54:20,2017-11-16T18:55:03
success,2017-11-16T18:53:44,2017-11-16T18:55:03
error,2017-11-16T18:53:46,2017-11-16T18:55:05
error,2017-11-16T18:53:47,2017-11-16T18:55:07
success,2017-11-16T18:53:36,2017-11-16T18:55:09
error,2017-11-16T18:55:03,2017-11-16T18:55:11
error,2017-11-16T18:54:15,2017-11-16T18:55:11
success,2017-11-16T18:54:05,2017-11-16T18:55:12
success,2017-11-16T18:55:03,2017-11-16T18:55:12
success,2017-11-16T18:54:40,2017-11-16T18:55:14
success,2017-11-16T18:54:58,2017-11-16T18:55:15
success,2017-11-16T18:54:40,2017-11-16T18:55:15
error,2017-11-16T18:55:09,2017-11-16T18:55:17
success,2017-11-16T18:54:09,2017-11-16T18:55:18
error,2017-11-16T18:55:12,2017-11-16T18:55:20
success,2017-11-16T18:54:00,2017-11-16T18:55:22
success,2017-11-16T18:55:12,2017-11-16T18:55:23
success,2017-11-16T18:54:21,2017-11-16T18:55:23
error,2017-11-16T18:55:23,2017-11-16T18:55:26
success,2017-11-16T18:53:42,2017-11-16T18:55:28
success,2017-11-16T18:54:44,2017-11-16T18:55:28
error,2017-11-16T18:52:43,2017-11-16T18:55:28
error,2017-11-16T18:55:23,2017-11-16T18:55:29
error,2017-11-16T18:55:29,2017-11-16T18:55:32
success,2017-11-16T18:54:37,2017-11-16T18:55:34
success,2017-11-16T18:53:44,2017-11-16T18:55:34
success,2017-11-16T18:55:14,2017-11-16T18:55:34
error,2017-11-16T18:55:34,2017-11-16T18:55:35
success,2017-11-16T18:55:18,2017-11-16T18:55:45
error,2017-11-16T18:55:45,2017-11-16T18:55:48
error,2017-11-16T18:55:03,2017-11-16T18:55:48
error,2017-11-16T18:55:35,2017-11-16T18:55:48
error,2017-11-16T18:54:13,2017-11-16T18:55:48
error,2017-11-16T18:54:10,2017-11-16T18:55:48
error,2017-11-16T18:54:26,2017-11-16T18:55:48
error,2017-11-16T18:54:23,2017-11-16T18:55:48
error,2017-11-16T18:55:34,2017-11-16T18:55:48
error,2017-11-16T18:53:53,2017-11-16T18:55:48
error,2017-11-16T18:55:07,2017-11-16T18:55:48
error,2017-11-16T18:54:41,2017-11-16T18:55:48
error,2017-11-16T18:54:54,2017-11-16T18:55:48
error,2017-11-16T18:55:03,2017-11-16T18:55:48
error,2017-11-16T18:54:50,2017-11-16T18:55:48
error,2017-11-16T18:55:01,2017-11-16T18:55:48
error,2017-11-16T18:54:47,2017-11-16T18:55:48
error,2017-11-16T18:53:31,2017-11-16T18:55:48
error,2017-11-16T18:55:01,2017-11-16T18:55:48
error,2017-11-16T18:54:38,2017-11-16T18:55:48
error,2017-11-16T18:55:25,2017-11-16T18:55:48
error,2017-11-16T18:55:04,2017-11-16T18:55:48
error,2017-11-16T18:54:55,2017-11-16T18:55:49
error,2017-11-16T18:55:01,2017-11-16T18:55:49
error,2017-11-16T18:55:45,2017-11-16T18:55:49
error,2017-11-16T18:54:47,2017-11-16T18:55:49
error,2017-11-16T18:55:27,2017-11-16T18:55:49
error,2017-11-16T18:55:44,2017-11-16T18:55:49
error,2017-11-16T18:54:42,2017-11-16T18:55:49
error,2017-11-16T18:55:32,2017-11-16T18:55:49
error,2017-11-16T18:55:39,2017-11-16T18:55:49
error,2017-11-16T18:54:02,2017-11-16T18:55:49
error,2017-11-16T18:55:05,2017-11-16T18:55:52
error,2017-11-16T18:55:28,2017-11-16T18:55:52
error,2017-11-16T18:55:30,2017-11-16T18:55:52
error,2017-11-16T18:55:09,2017-11-16T18:55:52
error,2017-11-16T18:55:23,2017-11-16T18:55:55
error,2017-11-16T18:54:24,2017-11-16T18:55:55
error,2017-11-16T18:53:34,2017-11-16T18:55:55
error,2017-11-16T18:55:52,2017-11-16T18:55:55
error,2017-11-16T18:54:18,2017-11-16T18:55:58
error,2017-11-16T18:54:21,2017-11-16T18:55:58
error,2017-11-16T18:55:28,2017-11-16T18:55:58
error,2017-11-16T18:56:00,2017-11-16T18:56:00
error,2017-11-16T18:55:43,2017-11-16T18:56:01
error,2017-11-16T18:54:55,2017-11-16T18:56:01
error,2017-11-16T18:56:02,2017-11-16T18:56:02
error,2017-11-16T18:55:15,2017-11-16T18:56:04
error,2017-11-16T18:55:17,2017-11-16T18:56:04
error,2017-11-16T18:55:56,2017-11-16T18:56:07
error,2017-11-16T18:55:54,2017-11-16T18:56:07
error,2017-11-16T18:55:58,2017-11-16T18:56:10
error,2017-11-16T18:55:56,2017-11-16T18:56:10
error,2017-11-16T18:55:22,2017-11-16T18:56:10
error,2017-11-16T18:55:18,2017-11-16T18:56:10
error,2017-11-16T18:55:15,2017-11-16T18:56:13
error,2017-11-16T18:56:10,2017-11-16T18:56:16
error,2017-11-16T18:55:20,2017-11-16T18:56:16
error,2017-11-16T18:56:07,2017-11-16T18:56:16
error,2017-11-16T18:56:19,2017-11-16T18:56:19
error,2017-11-16T18:56:15,2017-11-16T18:56:22
error,2017-11-16T18:56:20,2017-11-16T18:56:22
error,2017-11-16T18:56:01,2017-11-16T18:56:22
error,2017-11-16T18:53:47,2017-11-16T18:56:22
error,2017-11-16T18:55:26,2017-11-16T18:56:22
error,2017-11-16T18:56:20,2017-11-16T18:56:25
error,2017-11-16T18:54:51,2017-11-16T18:56:25
error,2017-11-16T18:56:15,2017-11-16T18:56:25
error,2017-11-16T18:56:21,2017-11-16T18:56:25
error,2017-11-16T18:56:24,2017-11-16T18:56:25
error,2017-11-16T18:56:22,2017-11-16T18:56:28
error,2017-11-16T18:55:56,2017-11-16T18:56:28
error,2017-11-16T18:56:24,2017-11-16T18:56:28
error,2017-11-16T18:56:29,2017-11-16T18:56:31
error,2017-11-16T18:56:28,2017-11-16T18:56:31
error,2017-11-16T18:56:29,2017-11-16T18:56:34
error,2017-11-16T18:56:31,2017-11-16T18:56:34
error,2017-11-16T18:56:30,2017-11-16T18:56:34
error,2017-11-16T18:56:17,2017-11-16T18:56:37
error,2017-11-16T18:56:32,2017-11-16T18:56:43
error,2017-11-16T18:56:40,2017-11-16T18:56:43
error,2017-11-16T18:56:39,2017-11-16T18:56:46
error,2017-11-16T18:56:45,2017-11-16T18:56:46
error,2017-11-16T18:56:43,2017-11-16T18:56:46
error,2017-11-16T18:56:48,2017-11-16T18:56:48
error,2017-11-16T18:56:43,2017-11-16T18:56:49
error,2017-11-16T18:56:48,2017-11-16T18:56:49
error,2017-11-16T18:56:50,2017-11-16T18:56:50
error,2017-11-16T18:55:18,2017-11-16T18:56:52
error,2017-11-16T18:56:49,2017-11-16T18:56:52
error,2017-11-16T18:55:22,2017-11-16T18:56:52
error,2017-11-16T18:55:21,2017-11-16T18:56:52
error,2017-11-16T18:56:51,2017-11-16T18:56:55
error,2017-11-16T18:56:44,2017-11-16T18:56:55
error,2017-11-16T18:56:38,2017-11-16T18:56:55
error,2017-11-16T18:56:55,2017-11-16T18:56:58
error,2017-11-16T18:56:50,2017-11-16T18:56:58
error,2017-11-16T18:55:34,2017-11-16T18:56:58
error,2017-11-16T18:56:56,2017-11-16T18:56:58
error,2017-11-16T18:56:52,2017-11-16T18:57:01
error,2017-11-16T18:57:00,2017-11-16T18:57:01
error,2017-11-16T18:57:00,2017-11-16T18:57:04
error,2017-11-16T18:57:03,2017-11-16T18:57:07
error,2017-11-16T18:57:04,2017-11-16T18:57:10
error,2017-11-16T18:56:49,2017-11-16T18:57:10
error,2017-11-16T18:57:08,2017-11-16T18:57:13
error,2017-11-16T18:57:10,2017-11-16T18:57:16
error,2017-11-16T18:57:10,2017-11-16T18:57:16
error,2017-11-16T18:57:17,2017-11-16T18:57:17
error,2017-11-16T18:57:12,2017-11-16T18:57:19
error,2017-11-16T18:57:14,2017-11-16T18:57:19
error,2017-11-16T18:57:14,2017-11-16T18:57:19
success,2017-11-16T18:57:18,2017-11-16T18:57:25
success,2017-11-16T18:57:16,2017-11-16T18:57:28
error,2017-11-16T18:57:19,2017-11-16T18:57:31
success,2017-11-16T18:57:20,2017-11-16T18:57:31
success,2017-11-16T18:57:21,2017-11-16T18:57:31
success,2017-11-16T18:57:17,2017-11-16T18:57:31
error,2017-11-16T18:57:17,2017-11-16T18:57:34
success,2017-11-16T18:57:25,2017-11-16T18:57:35
success,2017-11-16T18:57:25,2017-11-16T18:57:35
success,2017-11-16T18:57:24,2017-11-16T18:57:37
success,2017-11-16T18:57:31,2017-11-16T18:57:40
success,2017-11-16T18:57:31,2017-11-16T18:57:40
error,2017-11-16T18:57:24,2017-11-16T18:57:43
error,2017-11-16T18:57:31,2017-11-16T18:57:46
success,2017-11-16T18:57:28,2017-11-16T18:57:46
success,2017-11-16T18:57:35,2017-11-16T18:57:47
success,2017-11-16T18:57:36,2017-11-16T18:57:51
success,2017-11-16T18:57:30,2017-11-16T18:57:58
success,2017-11-16T18:57:33,2017-11-16T18:58:01
success,2017-11-16T18:57:35,2017-11-16T18:58:01
success,2017-11-16T18:57:32,2017-11-16T18:58:01
success,2017-11-16T18:57:27,2017-11-16T18:58:03
success,2017-11-16T18:57:37,2017-11-16T18:58:03
success,2017-11-16T18:57:35,2017-11-16T18:58:03
success,2017-11-16T18:57:34,2017-11-16T18:58:04
success,2017-11-16T18:57:34,2017-11-16T18:58:05
success,2017-11-16T18:57:56,2017-11-16T18:58:08
success,2017-11-16T18:57:36,2017-11-16T18:58:09
success,2017-11-16T18:57:42,2017-11-16T18:58:09
success,2017-11-16T18:57:36,2017-11-16T18:58:10
success,2017-11-16T18:57:39,2017-11-16T18:58:10
success,2017-11-16T18:57:56,2017-11-16T18:58:15
success,2017-11-16T18:58:05,2017-11-16T18:58:18
success,2017-11-16T18:57:39,2017-11-16T18:58:20
error,2017-11-16T18:58:18,2017-11-16T18:58:26
success,2017-11-16T18:58:05,2017-11-16T18:58:29
error,2017-11-16T18:57:35,2017-11-16T18:58:32
error,2017-11-16T18:58:30,2017-11-16T18:58:35
error,2017-11-16T18:58:29,2017-11-16T18:58:35
error,2017-11-16T18:58:28,2017-11-16T18:58:38
error,2017-11-16T18:58:07,2017-11-16T18:58:38
error,2017-11-16T18:58:08,2017-11-16T18:58:38
error,2017-11-16T18:58:30,2017-11-16T18:58:38
error,2017-11-16T18:58:15,2017-11-16T18:58:38
error,2017-11-16T18:58:10,2017-11-16T18:58:38
error,2017-11-16T18:58:16,2017-11-16T18:58:38
error,2017-11-16T18:58:15,2017-11-16T18:58:38
error,2017-11-16T18:58:11,2017-11-16T18:58:38
error,2017-11-16T18:58:20,2017-11-16T18:58:38
error,2017-11-16T18:58:18,2017-11-16T18:58:38
error,2017-11-16T18:58:37,2017-11-16T18:58:38
error,2017-11-16T18:58:08,2017-11-16T18:58:38
error,2017-11-16T18:58:12,2017-11-16T18:58:38
error,2017-11-16T18:58:32,2017-11-16T18:58:41
error,2017-11-16T18:57:57,2017-11-16T18:58:41
error,2017-11-16T18:57:43,2017-11-16T18:58:41
error,2017-11-16T18:58:34,2017-11-16T18:58:41
error,2017-11-16T18:58:08,2017-11-16T18:58:41
error,2017-11-16T18:58:30,2017-11-16T18:58:41
error,2017-11-16T18:58:03,2017-11-16T18:58:44
success,2017-11-16T18:58:01,2017-11-16T18:58:45
success,2017-11-16T18:58:45,2017-11-16T18:58:47
error,2017-11-16T18:58:09,2017-11-16T18:58:47
success,2017-11-16T18:58:04,2017-11-16T18:58:50
error,2017-11-16T18:58:41,2017-11-16T18:58:50
success,2017-11-16T18:58:42,2017-11-16T18:58:53
success,2017-11-16T18:58:20,2017-11-16T18:58:54
error,2017-11-16T18:58:49,2017-11-16T18:58:56
error,2017-11-16T18:58:35,2017-11-16T18:58:56
error,2017-11-16T18:58:46,2017-11-16T18:58:56
error,2017-11-16T18:57:30,2017-11-16T18:58:56
error,2017-11-16T18:58:35,2017-11-16T18:58:56
success,2017-11-16T18:58:45,2017-11-16T18:58:58
error,2017-11-16T18:58:03,2017-11-16T18:58:59
error,2017-11-16T18:57:40,2017-11-16T18:58:59
success,2017-11-16T18:58:54,2017-11-16T18:59:00
success,2017-11-16T18:58:47,2017-11-16T18:59:01
success,2017-11-16T18:58:04,2017-11-16T18:59:05
error,2017-11-16T18:58:02,2017-11-16T18:59:05
error,2017-11-16T18:59:03,2017-11-16T18:59:05
success,2017-11-16T18:58:13,2017-11-16T18:59:06
success,2017-11-16T18:58:03,2017-11-16T18:59:07
error,2017-11-16T18:58:59,2017-11-16T18:59:08
success,2017-11-16T18:58:20,2017-11-16T18:59:11
error,2017-11-16T18:59:10,2017-11-16T18:59:12
error,2017-11-16T18:58:18,2017-11-16T18:59:12
success,2017-11-16T18:58:53,2017-11-16T18:59:13
success,2017-11-16T18:57:54,2017-11-16T18:59:14
error,2017-11-16T18:58:30,2017-11-16T18:59:15
error,2017-11-16T18:59:10,2017-11-16T18:59:15
error,2017-11-16T18:58:58,2017-11-16T18:59:15
success,2017-11-16T18:57:46,2017-11-16T18:59:19
success,2017-11-16T18:58:52,2017-11-16T18:59:19
error,2017-11-16T18:58:54,2017-11-16T18:59:21
success,2017-11-16T18:58:49,2017-11-16T18:59:22
error,2017-11-16T18:59:04,2017-11-16T18:59:24
error,2017-11-16T18:59:19,2017-11-16T18:59:24
success,2017-11-16T18:58:45,2017-11-16T18:59:24
success,2017-11-16T18:58:55,2017-11-16T18:59:25
success,2017-11-16T18:59:11,2017-11-16T18:59:25
success,2017-11-16T18:58:17,2017-11-16T18:59:28
success,2017-11-16T18:58:56,2017-11-16T18:59:30
error,2017-11-16T18:59:25,2017-11-16T18:59:33
error,2017-11-16T18:59:27,2017-11-16T18:59:33
success,2017-11-16T18:57:55,2017-11-16T18:59:37
success,2017-11-16T18:58:10,2017-11-16T18:59:37
success,2017-11-16T18:57:43,2017-11-16T18:59:41
success,2017-11-16T18:58:50,2017-11-16T18:59:43
success,2017-11-16T18:58:57,2017-11-16T18:59:45
success,2017-11-16T18:59:25,2017-11-16T18:59:46
error,2017-11-16T18:59:46,2017-11-16T18:59:48
success,2017-11-16T18:58:44,2017-11-16T18:59:49
error,2017-11-16T18:59:45,2017-11-16T18:59:51
success,2017-11-16T18:58:03,2017-11-16T18:59:52
success,2017-11-16T18:58:54,2017-11-16T18:59:53
error,2017-11-16T18:59:52,2017-11-16T18:59:54
error,2017-11-16T18:59:45,2017-11-16T18:59:54
error,2017-11-16T18:59:54,2017-11-16T18:59:57
success,2017-11-16T18:58:54,2017-11-16T18:59:57
error,2017-11-16T18:59:06,2017-11-16T18:59:58
error,2017-11-16T18:59:37,2017-11-16T18:59:58
error,2017-11-16T18:59:12,2017-11-16T18:59:58
error,2017-11-16T18:59:49,2017-11-16T18:59:58
error,2017-11-16T18:58:01,2017-11-16T18:59:58
error,2017-11-16T18:57:51,2017-11-16T18:59:58
error,2017-11-16T18:59:01,2017-11-16T18:59:58
error,2017-11-16T18:59:27,2017-11-16T18:59:58
error,2017-11-16T18:59:39,2017-11-16T18:59:58
error,2017-11-16T18:57:45,2017-11-16T18:59:58
error,2017-11-16T18:59:24,2017-11-16T18:59:58
error,2017-11-16T18:59:14,2017-11-16T18:59:58
error,2017-11-16T18:59:35,2017-11-16T18:59:58
error,2017-11-16T18:59:15,2017-11-16T18:59:58
error,2017-11-16T18:59:37,2017-11-16T18:59:58
error,2017-11-16T18:59:22,2017-11-16T18:59:58
error,2017-11-16T18:59:58,2017-11-16T18:59:58
error,2017-11-16T18:59:58,2017-11-16T18:59:58
error,2017-11-16T18:59:13,2017-11-16T19:00:00
error,2017-11-16T18:57:46,2017-11-16T19:00:00
error,2017-11-16T18:57:52,2017-11-16T19:00:00
error,2017-11-16T18:59:25,2017-11-16T19:00:00
error,2017-11-16T18:59:01,2017-11-16T19:00:00
error,2017-11-16T18:59:30,2017-11-16T19:00:03
error,2017-11-16T18:59:57,2017-11-16T19:00:03
error,2017-11-16T18:58:00,2017-11-16T19:00:03
error,2017-11-16T18:59:57,2017-11-16T19:00:03
error,2017-11-16T18:58:40,2017-11-16T19:00:06
error,2017-11-16T18:58:40,2017-11-16T19:00:06
error,2017-11-16T19:00:01,2017-11-16T19:00:06
error,2017-11-16T19:00:01,2017-11-16T19:00:06
error,2017-11-16T19:00:04,2017-11-16T19:00:12
error,2017-11-16T19:00:07,2017-11-16T19:00:12
error,2017-11-16T19:00:05,2017-11-16T19:00:12
error,2017-11-16T19:00:05,2017-11-16T19:00:12
error,2017-11-16T19:00:09,2017-11-16T19:00:12
error,2017-11-16T19:00:14,2017-11-16T19:00:14
error,2017-11-16T18:59:59,2017-11-16T19:00:15
error,2017-11-16T19:00:02,2017-11-16T19:00:15
error,2017-11-16T19:00:13,2017-11-16T19:00:18
error,2017-11-16T19:00:08,2017-11-16T19:00:18
error,2017-11-16T19:00:10,2017-11-16T19:00:18
error,2017-11-16T19:00:18,2017-11-16T19:00:18
error,2017-11-16T19:00:19,2017-11-16T19:00:19
error,2017-11-16T19:00:21,2017-11-16T19:00:21
error,2017-11-16T19:00:09,2017-11-16T19:00:21
error,2017-11-16T18:59:07,2017-11-16T19:00:24
error,2017-11-16T19:00:23,2017-11-16T19:00:24
error,2017-11-16T19:00:23,2017-11-16T19:00:24
error,2017-11-16T19:00:21,2017-11-16T19:00:27
error,2017-11-16T19:00:16,2017-11-16T19:00:27
error,2017-11-16T18:59:41,2017-11-16T19:00:30
error,2017-11-16T18:59:28,2017-11-16T19:00:30
error,2017-11-16T18:59:26,2017-11-16T19:00:30
error,2017-11-16T19:00:31,2017-11-16T19:00:31
error,2017-11-16T18:59:32,2017-11-16T19:00:32
error,2017-11-16T18:59:20,2017-11-16T19:00:33
error,2017-11-16T18:59:33,2017-11-16T19:00:33
error,2017-11-16T19:00:24,2017-11-16T19:00:33
error,2017-11-16T18:59:50,2017-11-16T19:00:33
error,2017-11-16T19:00:12,2017-11-16T19:00:33
error,2017-11-16T19:00:36,2017-11-16T19:00:36
error,2017-11-16T18:59:00,2017-11-16T19:00:36
error,2017-11-16T18:59:27,2017-11-16T19:00:36
error,2017-11-16T19:00:37,2017-11-16T19:00:37
error,2017-11-16T18:59:27,2017-11-16T19:00:39
error,2017-11-16T19:00:36,2017-11-16T19:00:39
error,2017-11-16T19:00:36,2017-11-16T19:00:39
error,2017-11-16T19:00:37,2017-11-16T19:00:39
error,2017-11-16T19:00:38,2017-11-16T19:00:42
error,2017-11-16T19:00:41,2017-11-16T19:00:45
error,2017-11-16T19:00:34,2017-11-16T19:00:45
error,2017-11-16T19:00:39,2017-11-16T19:00:45
error,2017-11-16T19:00:38,2017-11-16T19:00:45
error,2017-11-16T18:59:27,2017-11-16T19:00:48
error,2017-11-16T18:59:26,2017-11-16T19:00:48
error,2017-11-16T19:00:43,2017-11-16T19:00:48
error,2017-11-16T19:00:44,2017-11-16T19:00:48
error,2017-11-16T19:00:50,2017-11-16T19:00:50
error,2017-11-16T19:00:41,2017-11-16T19:00:51
error,2017-11-16T19:00:49,2017-11-16T19:00:51
error,2017-11-16T19:00:17,2017-11-16T19:00:51
error,2017-11-16T19:00:48,2017-11-16T19:00:54
error,2017-11-16T19:00:42,2017-11-16T19:00:54
error,2017-11-16T19:00:54,2017-11-16T19:00:57
error,2017-11-16T18:59:55,2017-11-16T19:00:57
error,2017-11-16T19:00:21,2017-11-16T19:00:57
error,2017-11-16T18:59:22,2017-11-16T19:00:58
error,2017-11-16T18:59:10,2017-11-16T19:00:58
error,2017-11-16T18:59:35,2017-11-16T19:00:58
error,2017-11-16T18:59:45,2017-11-16T19:00:58
error,2017-11-16T18:59:13,2017-11-16T19:00:58
error,2017-11-16T18:59:48,2017-11-16T19:00:58
error,2017-11-16T18:59:16,2017-11-16T19:00:58
error,2017-11-16T18:59:54,2017-11-16T19:00:58
error,2017-11-16T18:58:03,2017-11-16T19:00:58
error,2017-11-16T18:59:53,2017-11-16T19:00:58
error,2017-11-16T18:59:53,2017-11-16T19:00:58
error,2017-11-16T18:59:29,2017-11-16T19:00:58
error,2017-11-16T18:59:06,2017-11-16T19:00:58
error,2017-11-16T18:59:00,2017-11-16T19:00:58
error,2017-11-16T18:59:47,2017-11-16T19:00:58
error,2017-11-16T18:59:03,2017-11-16T19:00:58
error,2017-11-16T19:00:46,2017-11-16T19:01:00
error,2017-11-16T18:58:58,2017-11-16T19:01:00
error,2017-11-16T19:00:53,2017-11-16T19:01:00
error,2017-11-16T19:00:55,2017-11-16T19:01:00
error,2017-11-16T19:01:01,2017-11-16T19:01:03
error,2017-11-16T18:59:07,2017-11-16T19:01:03
error,2017-11-16T19:00:58,2017-11-16T19:01:03
error,2017-11-16T19:00:59,2017-11-16T19:01:06
error,2017-11-16T19:01:03,2017-11-16T19:01:06
error,2017-11-16T19:00:52,2017-11-16T19:01:06
error,2017-11-16T19:00:57,2017-11-16T19:01:06
error,2017-11-16T19:00:57,2017-11-16T19:01:06
error,2017-11-16T19:01:08,2017-11-16T19:01:09
error,2017-11-16T19:01:09,2017-11-16T19:01:09
error,2017-11-16T19:01:02,2017-11-16T19:01:09
error,2017-11-16T19:01:08,2017-11-16T19:01:12
error,2017-11-16T19:01:13,2017-11-16T19:01:13
error,2017-11-16T18:59:14,2017-11-16T19:01:15
error,2017-11-16T19:01:10,2017-11-16T19:01:15
error,2017-11-16T18:59:05,2017-11-16T19:01:15
error,2017-11-16T19:01:15,2017-11-16T19:01:15
error,2017-11-16T18:57:47,2017-11-16T19:01:15
error,2017-11-16T19:01:02,2017-11-16T19:01:18
error,2017-11-16T19:01:10,2017-11-16T19:01:21
error,2017-11-16T19:01:19,2017-11-16T19:01:21
error,2017-11-16T19:00:49,2017-11-16T19:01:21
error,2017-11-16T19:00:59,2017-11-16T19:01:21
error,2017-11-16T19:00:23,2017-11-16T19:01:23
error,2017-11-16T19:00:23,2017-11-16T19:01:23
error,2017-11-16T19:01:23,2017-11-16T19:01:23
error,2017-11-16T19:01:24,2017-11-16T19:01:24
error,2017-11-16T19:01:24,2017-11-16T19:01:24
error,2017-11-16T19:01:19,2017-11-16T19:01:27
error,2017-11-16T19:00:50,2017-11-16T19:01:27
error,2017-11-16T19:01:22,2017-11-16T19:01:27
error,2017-11-16T19:00:44,2017-11-16T19:01:27
error,2017-11-16T19:01:22,2017-11-16T19:01:27
error,2017-11-16T19:01:23,2017-11-16T19:01:27
error,2017-11-16T19:01:30,2017-11-16T19:01:30
error,2017-11-16T19:01:22,2017-11-16T19:01:30
error,2017-11-16T19:01:19,2017-11-16T19:01:30
error,2017-11-16T19:01:15,2017-11-16T19:01:30
error,2017-11-16T19:00:55,2017-11-16T19:01:30
error,2017-11-16T19:01:31,2017-11-16T19:01:33
error,2017-11-16T19:01:13,2017-11-16T19:01:33
error,2017-11-16T19:01:31,2017-11-16T19:01:33
error,2017-11-16T19:01:27,2017-11-16T19:01:33
error,2017-11-16T19:01:31,2017-11-16T19:01:33
error,2017-11-16T19:01:25,2017-11-16T19:01:36
error,2017-11-16T19:00:32,2017-11-16T19:01:36
error,2017-11-16T19:01:39,2017-11-16T19:01:39
error,2017-11-16T19:01:28,2017-11-16T19:01:39
error,2017-11-16T19:01:36,2017-11-16T19:01:39
error,2017-11-16T19:01:37,2017-11-16T19:01:39
error,2017-11-16T19:01:37,2017-11-16T19:01:42
error,2017-11-16T19:01:35,2017-11-16T19:01:42
error,2017-11-16T19:01:36,2017-11-16T19:01:42
error,2017-11-16T19:01:46,2017-11-16T19:01:46
error,2017-11-16T19:01:48,2017-11-16T19:01:48
error,2017-11-16T19:01:36,2017-11-16T19:01:48
error,2017-11-16T19:01:35,2017-11-16T19:01:48
error,2017-11-16T19:01:39,2017-11-16T19:01:48
error,2017-11-16T19:01:41,2017-11-16T19:01:48
error,2017-11-16T19:01:47,2017-11-16T19:01:48
error,2017-11-16T19:01:44,2017-11-16T19:01:48
error,2017-11-16T19:01:44,2017-11-16T19:01:48
error,2017-11-16T19:01:45,2017-11-16T19:01:48
error,2017-11-16T19:01:32,2017-11-16T19:01:48
error,2017-11-16T19:00:51,2017-11-16T19:01:51
error,2017-11-16T19:01:46,2017-11-16T19:01:51
error,2017-11-16T19:01:44,2017-11-16T19:01:51
error,2017-11-16T19:01:46,2017-11-16T19:01:54
error,2017-11-16T19:01:38,2017-11-16T19:01:54
error,2017-11-16T19:01:21,2017-11-16T19:01:54
error,2017-11-16T18:59:38,2017-11-16T19:01:58
error,2017-11-16T19:01:50,2017-11-16T19:02:00
error,2017-11-16T19:01:53,2017-11-16T19:02:00
error,2017-11-16T19:01:57,2017-11-16T19:02:00
error,2017-11-16T19:01:59,2017-11-16T19:02:00
error,2017-11-16T19:01:43,2017-11-16T19:02:00
error,2017-11-16T19:02:00,2017-11-16T19:02:00
error,2017-11-16T19:01:58,2017-11-16T19:02:03
error,2017-11-16T19:01:55,2017-11-16T19:02:03
error,2017-11-16T19:01:56,2017-11-16T19:02:03
error,2017-11-16T19:01:58,2017-11-16T19:02:03
error,2017-11-16T19:02:00,2017-11-16T19:02:06
error,2017-11-16T19:02:00,2017-11-16T19:02:06
error,2017-11-16T19:02:03,2017-11-16T19:02:06
error,2017-11-16T19:02:03,2017-11-16T19:02:06
error,2017-11-16T19:01:09,2017-11-16T19:02:09
error,2017-11-16T19:01:05,2017-11-16T19:02:09
error,2017-11-16T19:01:33,2017-11-16T19:02:09
error,2017-11-16T19:02:07,2017-11-16T19:02:09
error,2017-11-16T19:02:10,2017-11-16T19:02:10
error,2017-11-16T19:02:04,2017-11-16T19:02:12
error,2017-11-16T19:02:04,2017-11-16T19:02:12
error,2017-11-16T19:02:08,2017-11-16T19:02:12
error,2017-11-16T19:02:08,2017-11-16T19:02:12
error,2017-11-16T19:02:07,2017-11-16T19:02:15
error,2017-11-16T19:02:10,2017-11-16T19:02:15
error,2017-11-16T19:02:10,2017-11-16T19:02:15
error,2017-11-16T19:01:09,2017-11-16T19:02:18
error,2017-11-16T19:02:09,2017-11-16T19:02:18
error,2017-11-16T19:02:09,2017-11-16T19:02:18
error,2017-11-16T19:02:13,2017-11-16T19:02:18
error,2017-11-16T19:02:19,2017-11-16T19:02:21
error,2017-11-16T19:02:18,2017-11-16T19:02:24
error,2017-11-16T19:02:20,2017-11-16T19:02:27
error,2017-11-16T19:01:38,2017-11-16T19:02:27
error,2017-11-16T19:01:51,2017-11-16T19:02:27
error,2017-11-16T19:02:12,2017-11-16T19:02:28
error,2017-11-16T19:01:26,2017-11-16T19:02:28
error,2017-11-16T19:01:48,2017-11-16T19:02:28
error,2017-11-16T19:02:10,2017-11-16T19:02:28
error,2017-11-16T19:02:28,2017-11-16T19:02:28
error,2017-11-16T19:02:28,2017-11-16T19:02:28
error,2017-11-16T19:02:29,2017-11-16T19:02:29
error,2017-11-16T19:02:30,2017-11-16T19:02:30
error,2017-11-16T19:02:27,2017-11-16T19:02:31
error,2017-11-16T19:02:24,2017-11-16T19:02:34
error,2017-11-16T19:02:24,2017-11-16T19:02:34
error,2017-11-16T19:02:27,2017-11-16T19:02:34
error,2017-11-16T19:02:28,2017-11-16T19:02:37
error,2017-11-16T19:02:29,2017-11-16T19:02:37
error,2017-11-16T19:02:27,2017-11-16T19:02:37
error,2017-11-16T19:02:26,2017-11-16T19:02:37
error,2017-11-16T19:02:37,2017-11-16T19:02:37
error,2017-11-16T19:02:31,2017-11-16T19:02:40
error,2017-11-16T19:02:28,2017-11-16T19:02:40
error,2017-11-16T19:02:35,2017-11-16T19:02:43
error,2017-11-16T19:02:35,2017-11-16T19:02:43
error,2017-11-16T19:02:45,2017-11-16T19:02:45
error,2017-11-16T19:02:37,2017-11-16T19:02:46
error,2017-11-16T19:02:42,2017-11-16T19:02:46
error,2017-11-16T19:02:29,2017-11-16T19:02:46
error,2017-11-16T19:02:33,2017-11-16T19:02:46
error,2017-11-16T19:01:42,2017-11-16T19:02:46
error,2017-11-16T19:02:42,2017-11-16T19:02:49
error,2017-11-16T19:02:45,2017-11-16T19:02:49
error,2017-11-16T19:01:48,2017-11-16T19:02:49
error,2017-11-16T19:02:17,2017-11-16T19:02:49
error,2017-11-16T19:02:40,2017-11-16T19:02:52
error,2017-11-16T19:02:43,2017-11-16T19:02:52
error,2017-11-16T19:02:43,2017-11-16T19:02:52
error,2017-11-16T19:02:52,2017-11-16T19:02:52
error,2017-11-16T19:02:54,2017-11-16T19:02:54
error,2017-11-16T19:02:49,2017-11-16T19:02:58
error,2017-11-16T19:01:20,2017-11-16T19:02:58
error,2017-11-16T19:02:58,2017-11-16T19:02:58
error,2017-11-16T19:02:58,2017-11-16T19:03:04
error,2017-11-16T19:02:57,2017-11-16T19:03:04
error,2017-11-16T19:02:46,2017-11-16T19:03:04
error,2017-11-16T19:03:06,2017-11-16T19:03:06
error,2017-11-16T19:03:03,2017-11-16T19:03:07
error,2017-11-16T19:02:44,2017-11-16T19:03:07
error,2017-11-16T19:03:05,2017-11-16T19:03:07
error,2017-11-16T19:03:05,2017-11-16T19:03:10
error,2017-11-16T19:03:01,2017-11-16T19:03:10
error,2017-11-16T19:03:06,2017-11-16T19:03:13
error,2017-11-16T19:03:09,2017-11-16T19:03:13
error,2017-11-16T19:02:53,2017-11-16T19:03:13
error,2017-11-16T19:03:13,2017-11-16T19:03:13
error,2017-11-16T19:03:15,2017-11-16T19:03:15
error,2017-11-16T19:03:09,2017-11-16T19:03:16
error,2017-11-16T19:02:59,2017-11-16T19:03:16
error,2017-11-16T19:03:13,2017-11-16T19:03:16
error,2017-11-16T19:03:14,2017-11-16T19:03:19
error,2017-11-16T19:03:02,2017-11-16T19:03:19
error,2017-11-16T19:03:14,2017-11-16T19:03:19
error,2017-11-16T19:02:59,2017-11-16T19:03:22
error,2017-11-16T19:03:01,2017-11-16T19:03:22
error,2017-11-16T19:03:16,2017-11-16T19:03:22
error,2017-11-16T19:03:16,2017-11-16T19:03:22
error,2017-11-16T19:03:24,2017-11-16T19:03:24
error,2017-11-16T19:03:26,2017-11-16T19:03:28
error,2017-11-16T19:03:23,2017-11-16T19:03:28
error,2017-11-16T19:03:19,2017-11-16T19:03:28
error,2017-11-16T19:03:20,2017-11-16T19:03:28
error,2017-11-16T19:03:30,2017-11-16T19:03:30
error,2017-11-16T19:03:30,2017-11-16T19:03:31
error,2017-11-16T19:03:26,2017-11-16T19:03:31
error,2017-11-16T19:03:33,2017-11-16T19:03:33
error,2017-11-16T19:03:20,2017-11-16T19:03:34
error,2017-11-16T19:03:35,2017-11-16T19:03:35
error,2017-11-16T19:03:19,2017-11-16T19:03:37
error,2017-11-16T19:03:17,2017-11-16T19:03:37
error,2017-11-16T19:03:34,2017-11-16T19:03:37
error,2017-11-16T19:03:33,2017-11-16T19:03:37
error,2017-11-16T19:03:31,2017-11-16T19:03:37
error,2017-11-16T19:02:38,2017-11-16T19:03:38
error,2017-11-16T19:03:39,2017-11-16T19:03:39
error,2017-11-16T19:03:36,2017-11-16T19:03:40
error,2017-11-16T19:03:38,2017-11-16T19:03:40
error,2017-11-16T19:03:40,2017-11-16T19:03:43
error,2017-11-16T19:03:30,2017-11-16T19:03:43
error,2017-11-16T19:03:38,2017-11-16T19:03:43
error,2017-11-16T19:03:39,2017-11-16T19:03:43
error,2017-11-16T19:03:34,2017-11-16T19:03:46
error,2017-11-16T19:03:44,2017-11-16T19:03:46
error,2017-11-16T19:03:41,2017-11-16T19:03:46
error,2017-11-16T19:03:43,2017-11-16T19:03:46
error,2017-11-16T19:03:45,2017-11-16T19:03:49
success,2017-11-16T19:03:49,2017-11-16T19:03:51
error,2017-11-16T19:03:44,2017-11-16T19:03:52
error,2017-11-16T19:03:35,2017-11-16T19:03:52
error,2017-11-16T19:03:49,2017-11-16T19:03:58
error,2017-11-16T19:03:45,2017-11-16T19:03:58
success,2017-11-16T19:03:50,2017-11-16T19:04:00
error,2017-11-16T19:03:42,2017-11-16T19:04:04
error,2017-11-16T19:03:58,2017-11-16T19:04:04
success,2017-11-16T19:03:51,2017-11-16T19:04:04
success,2017-11-16T19:04:00,2017-11-16T19:04:06
error,2017-11-16T19:03:51,2017-11-16T19:04:10
success,2017-11-16T19:04:01,2017-11-16T19:04:17
error,2017-11-16T19:03:45,2017-11-16T19:04:19
success,2017-11-16T19:03:32,2017-11-16T19:04:20
success,2017-11-16T19:03:59,2017-11-16T19:04:26
error,2017-11-16T19:03:50,2017-11-16T19:04:31
success,2017-11-16T19:03:51,2017-11-16T19:04:31
error,2017-11-16T19:03:47,2017-11-16T19:04:31
success,2017-11-16T19:03:50,2017-11-16T19:04:36
error,2017-11-16T19:04:20,2017-11-16T19:04:37
success,2017-11-16T19:04:04,2017-11-16T19:04:37
success,2017-11-16T19:04:04,2017-11-16T19:04:41
error,2017-11-16T19:04:36,2017-11-16T19:04:42
success,2017-11-16T19:03:50,2017-11-16T19:04:43
error,2017-11-16T19:04:23,2017-11-16T19:04:48
error,2017-11-16T19:03:38,2017-11-16T19:04:51
error,2017-11-16T19:04:04,2017-11-16T19:04:52
success,2017-11-16T19:04:08,2017-11-16T19:04:54
success,2017-11-16T19:03:59,2017-11-16T19:04:55
error,2017-11-16T19:04:39,2017-11-16T19:04:57
error,2017-11-16T19:03:59,2017-11-16T19:04:58
error,2017-11-16T19:04:52,2017-11-16T19:04:58
error,2017-11-16T19:04:25,2017-11-16T19:04:58
error,2017-11-16T19:03:57,2017-11-16T19:04:58
error,2017-11-16T19:04:02,2017-11-16T19:04:58
error,2017-11-16T19:03:54,2017-11-16T19:04:58
error,2017-11-16T19:04:07,2017-11-16T19:04:58
error,2017-11-16T19:04:12,2017-11-16T19:04:58
error,2017-11-16T19:04:54,2017-11-16T19:04:58
error,2017-11-16T19:04:54,2017-11-16T19:04:58
error,2017-11-16T19:04:25,2017-11-16T19:04:58
error,2017-11-16T19:04:21,2017-11-16T19:04:58
error,2017-11-16T19:04:16,2017-11-16T19:04:58
error,2017-11-16T19:04:41,2017-11-16T19:04:58
error,2017-11-16T19:04:14,2017-11-16T19:04:58
error,2017-11-16T19:04:12,2017-11-16T19:04:58
error,2017-11-16T19:04:54,2017-11-16T19:05:03
error,2017-11-16T19:04:14,2017-11-16T19:05:03
error,2017-11-16T19:04:57,2017-11-16T19:05:03
error,2017-11-16T19:04:16,2017-11-16T19:05:06
error,2017-11-16T19:04:43,2017-11-16T19:05:06
success,2017-11-16T19:04:12,2017-11-16T19:05:06
success,2017-11-16T19:05:02,2017-11-16T19:05:06
error,2017-11-16T19:03:57,2017-11-16T19:05:09
success,2017-11-16T19:04:17,2017-11-16T19:05:09
success,2017-11-16T19:04:17,2017-11-16T19:05:12
success,2017-11-16T19:04:57,2017-11-16T19:05:13
error,2017-11-16T19:04:06,2017-11-16T19:05:15
success,2017-11-16T19:05:06,2017-11-16T19:05:16
success,2017-11-16T19:05:01,2017-11-16T19:05:19
success,2017-11-16T19:04:32,2017-11-16T19:05:20
error,2017-11-16T19:04:52,2017-11-16T19:05:21
success,2017-11-16T19:05:12,2017-11-16T19:05:26
success,2017-11-16T19:05:04,2017-11-16T19:05:27
success,2017-11-16T19:05:06,2017-11-16T19:05:29
error,2017-11-16T19:04:46,2017-11-16T19:05:30
success,2017-11-16T19:05:06,2017-11-16T19:05:31
success,2017-11-16T19:05:09,2017-11-16T19:05:33
success,2017-11-16T19:05:15,2017-11-16T19:05:33
success,2017-11-16T19:04:17,2017-11-16T19:05:37
success,2017-11-16T19:05:20,2017-11-16T19:05:40
success,2017-11-16T19:05:05,2017-11-16T19:05:44
success,2017-11-16T19:04:38,2017-11-16T19:05:44
success,2017-11-16T19:04:44,2017-11-16T19:05:45
error,2017-11-16T19:05:00,2017-11-16T19:05:47
success,2017-11-16T19:05:13,2017-11-16T19:05:47
success,2017-11-16T19:05:44,2017-11-16T19:05:50
success,2017-11-16T19:04:16,2017-11-16T19:05:50
success,2017-11-16T19:05:26,2017-11-16T19:05:51
success,2017-11-16T19:05:00,2017-11-16T19:05:52
success,2017-11-16T19:05:09,2017-11-16T19:05:53
success,2017-11-16T19:05:05,2017-11-16T19:05:53
success,2017-11-16T19:04:52,2017-11-16T19:05:53
error,2017-11-16T19:04:23,2017-11-16T19:05:58
error,2017-11-16T19:03:53,2017-11-16T19:05:58
error,2017-11-16T19:04:36,2017-11-16T19:05:58
error,2017-11-16T19:04:19,2017-11-16T19:05:58
error,2017-11-16T19:03:52,2017-11-16T19:05:58
error,2017-11-16T19:04:15,2017-11-16T19:05:58
error,2017-11-16T19:04:54,2017-11-16T19:05:58
error,2017-11-16T19:04:14,2017-11-16T19:05:58
error,2017-11-16T19:05:50,2017-11-16T19:06:11
success,2017-11-16T19:05:20,2017-11-16T19:06:13
success,2017-11-16T19:05:23,2017-11-16T19:06:17
error,2017-11-16T19:05:52,2017-11-16T19:06:18
error,2017-11-16T19:04:41,2017-11-16T19:06:18
error,2017-11-16T19:06:05,2017-11-16T19:06:18
error,2017-11-16T19:04:06,2017-11-16T19:06:18
error,2017-11-16T19:05:11,2017-11-16T19:06:18
error,2017-11-16T19:04:02,2017-11-16T19:06:18
error,2017-11-16T19:04:20,2017-11-16T19:06:18
error,2017-11-16T19:04:08,2017-11-16T19:06:18
error,2017-11-16T19:05:34,2017-11-16T19:06:18
error,2017-11-16T19:05:41,2017-11-16T19:06:18
error,2017-11-16T19:05:58,2017-11-16T19:06:18
error,2017-11-16T19:04:05,2017-11-16T19:06:18
error,2017-11-16T19:04:47,2017-11-16T19:06:18
error,2017-11-16T19:05:41,2017-11-16T19:06:18
error,2017-11-16T19:04:37,2017-11-16T19:06:18
error,2017-11-16T19:06:17,2017-11-16T19:06:18
error,2017-11-16T19:06:06,2017-11-16T19:06:18
error,2017-11-16T19:05:46,2017-11-16T19:06:18
error,2017-11-16T19:04:19,2017-11-16T19:06:18
error,2017-11-16T19:06:01,2017-11-16T19:06:18
error,2017-11-16T19:06:17,2017-11-16T19:06:18
error,2017-11-16T19:05:37,2017-11-16T19:06:18
error,2017-11-16T19:05:44,2017-11-16T19:06:18
error,2017-11-16T19:05:29,2017-11-16T19:06:18
error,2017-11-16T19:05:25,2017-11-16T19:06:18
error,2017-11-16T19:05:26,2017-11-16T19:06:18
error,2017-11-16T19:05:29,2017-11-16T19:06:18
error,2017-11-16T19:05:03,2017-11-16T19:06:18
error,2017-11-16T19:05:25,2017-11-16T19:06:18
error,2017-11-16T19:04:03,2017-11-16T19:06:18
error,2017-11-16T19:04:53,2017-11-16T19:06:18
error,2017-11-16T19:06:16,2017-11-16T19:06:18
error,2017-11-16T19:05:19,2017-11-16T19:06:18
error,2017-11-16T19:05:44,2017-11-16T19:06:18
error,2017-11-16T19:04:26,2017-11-16T19:06:18
error,2017-11-16T19:05:50,2017-11-16T19:06:18
error,2017-11-16T19:05:36,2017-11-16T19:06:18
error,2017-11-16T19:06:16,2017-11-16T19:06:18
error,2017-11-16T19:05:59,2017-11-16T19:06:18
error,2017-11-16T19:05:22,2017-11-16T19:06:18
error,2017-11-16T19:05:53,2017-11-16T19:06:18
error,2017-11-16T19:05:27,2017-11-16T19:06:18
error,2017-11-16T19:05:45,2017-11-16T19:06:18
error,2017-11-16T19:05:52,2017-11-16T19:06:18
error,2017-11-16T19:04:28,2017-11-16T19:06:18
error,2017-11-16T19:04:30,2017-11-16T19:06:18
error,2017-11-16T19:05:11,2017-11-16T19:06:21
error,2017-11-16T19:04:38,2017-11-16T19:06:21
error,2017-11-16T19:04:27,2017-11-16T19:06:21
error,2017-11-16T19:05:17,2017-11-16T19:06:21
error,2017-11-16T19:06:10,2017-11-16T19:06:21
error,2017-11-16T19:05:49,2017-11-16T19:06:21
error,2017-11-16T19:05:51,2017-11-16T19:06:21
error,2017-11-16T19:05:33,2017-11-16T19:06:24
error,2017-11-16T19:05:59,2017-11-16T19:06:24
error,2017-11-16T19:05:12,2017-11-16T19:06:30
success,2017-11-16T19:05:49,2017-11-16T19:06:32
success,2017-11-16T19:05:07,2017-11-16T19:06:32
error,2017-11-16T19:05:47,2017-11-16T19:06:36
success,2017-11-16T19:06:24,2017-11-16T19:06:38
success,2017-11-16T19:06:13,2017-11-16T19:06:39
error,2017-11-16T19:06:26,2017-11-16T19:06:42
success,2017-11-16T19:06:23,2017-11-16T19:06:42
success,2017-11-16T19:06:36,2017-11-16T19:06:44
error,2017-11-16T19:06:46,2017-11-16T19:06:46
error,2017-11-16T19:06:46,2017-11-16T19:06:48
success,2017-11-16T19:05:57,2017-11-16T19:06:48
success,2017-11-16T19:05:27,2017-11-16T19:06:49
success,2017-11-16T19:06:23,2017-11-16T19:06:49
error,2017-11-16T19:05:54,2017-11-16T19:06:51
error,2017-11-16T19:06:49,2017-11-16T19:06:51
error,2017-11-16T19:06:49,2017-11-16T19:06:51
success,2017-11-16T19:04:33,2017-11-16T19:06:52
error,2017-11-16T19:06:52,2017-11-16T19:06:54
success,2017-11-16T19:06:28,2017-11-16T19:06:54
success,2017-11-16T19:05:29,2017-11-16T19:06:59
success,2017-11-16T19:06:45,2017-11-16T19:06:59
success,2017-11-16T19:06:23,2017-11-16T19:07:00
success,2017-11-16T19:06:42,2017-11-16T19:07:03
success,2017-11-16T19:06:31,2017-11-16T19:07:03
error,2017-11-16T19:07:00,2017-11-16T19:07:06
success,2017-11-16T19:06:31,2017-11-16T19:07:09
success,2017-11-16T19:06:28,2017-11-16T19:07:09
success,2017-11-16T19:06:32,2017-11-16T19:07:11
error,2017-11-16T19:07:11,2017-11-16T19:07:12
error,2017-11-16T19:07:03,2017-11-16T19:07:12
success,2017-11-16T19:06:24,2017-11-16T19:07:14
error,2017-11-16T19:07:09,2017-11-16T19:07:15
success,2017-11-16T19:06:27,2017-11-16T19:07:15
error,2017-11-16T19:07:09,2017-11-16T19:07:18
error,2017-11-16T19:07:15,2017-11-16T19:07:18
success,2017-11-16T19:06:34,2017-11-16T19:07:18
error,2017-11-16T19:05:09,2017-11-16T19:07:18
error,2017-11-16T19:06:02,2017-11-16T19:07:18
error,2017-11-16T19:05:48,2017-11-16T19:07:18
error,2017-11-16T19:04:03,2017-11-16T19:07:18
error,2017-11-16T19:05:28,2017-11-16T19:07:18
error,2017-11-16T19:06:08,2017-11-16T19:07:18
error,2017-11-16T19:05:53,2017-11-16T19:07:18
error,2017-11-16T19:05:41,2017-11-16T19:07:18
error,2017-11-16T19:04:50,2017-11-16T19:07:18
error,2017-11-16T19:05:33,2017-11-16T19:07:18
error,2017-11-16T19:06:04,2017-11-16T19:07:18
error,2017-11-16T19:05:48,2017-11-16T19:07:18
error,2017-11-16T19:04:10,2017-11-16T19:07:18
error,2017-11-16T19:05:22,2017-11-16T19:07:18
error,2017-11-16T19:05:24,2017-11-16T19:07:18
error,2017-11-16T19:05:49,2017-11-16T19:07:18
error,2017-11-16T19:05:27,2017-11-16T19:07:18
error,2017-11-16T19:05:49,2017-11-16T19:07:18
error,2017-11-16T19:06:05,2017-11-16T19:07:18
error,2017-11-16T19:05:27,2017-11-16T19:07:18
error,2017-11-16T19:05:53,2017-11-16T19:07:18
error,2017-11-16T19:05:36,2017-11-16T19:07:18
error,2017-11-16T19:05:17,2017-11-16T19:07:18
error,2017-11-16T19:05:47,2017-11-16T19:07:18
error,2017-11-16T19:05:38,2017-11-16T19:07:18
error,2017-11-16T19:05:16,2017-11-16T19:07:18
error,2017-11-16T19:04:37,2017-11-16T19:07:18
error,2017-11-16T19:06:19,2017-11-16T19:07:19
success,2017-11-16T19:06:38,2017-11-16T19:07:20
error,2017-11-16T19:06:13,2017-11-16T19:07:21
error,2017-11-16T19:07:11,2017-11-16T19:07:21
error,2017-11-16T19:05:15,2017-11-16T19:07:21
error,2017-11-16T19:05:27,2017-11-16T19:07:21
success,2017-11-16T19:06:38,2017-11-16T19:07:24
error,2017-11-16T19:05:50,2017-11-16T19:07:24
error,2017-11-16T19:07:18,2017-11-16T19:07:24
error,2017-11-16T19:05:59,2017-11-16T19:07:27
error,2017-11-16T19:07:25,2017-11-16T19:07:27
success,2017-11-16T19:04:55,2017-11-16T19:07:30
error,2017-11-16T19:06:13,2017-11-16T19:07:30
error,2017-11-16T19:07:28,2017-11-16T19:07:30
success,2017-11-16T19:06:04,2017-11-16T19:07:30
success,2017-11-16T19:06:17,2017-11-16T19:07:32
error,2017-11-16T19:05:42,2017-11-16T19:07:36
error,2017-11-16T19:06:12,2017-11-16T19:07:36
error,2017-11-16T19:06:08,2017-11-16T19:07:36
error,2017-11-16T19:06:03,2017-11-16T19:07:38
error,2017-11-16T19:07:25,2017-11-16T19:07:38
error,2017-11-16T19:07:30,2017-11-16T19:07:38
error,2017-11-16T19:06:01,2017-11-16T19:07:38
error,2017-11-16T19:05:57,2017-11-16T19:07:38
error,2017-11-16T19:07:05,2017-11-16T19:07:38
error,2017-11-16T19:07:24,2017-11-16T19:07:38
error,2017-11-16T19:07:07,2017-11-16T19:07:38
error,2017-11-16T19:06:49,2017-11-16T19:07:38
error,2017-11-16T19:06:03,2017-11-16T19:07:38
error,2017-11-16T19:06:50,2017-11-16T19:07:38
error,2017-11-16T19:07:33,2017-11-16T19:07:38
error,2017-11-16T19:07:27,2017-11-16T19:07:38
error,2017-11-16T19:06:26,2017-11-16T19:07:38
error,2017-11-16T19:07:30,2017-11-16T19:07:38
error,2017-11-16T19:07:18,2017-11-16T19:07:38
error,2017-11-16T19:07:22,2017-11-16T19:07:38
error,2017-11-16T19:07:15,2017-11-16T19:07:38
error,2017-11-16T19:07:09,2017-11-16T19:07:38
error,2017-11-16T19:05:55,2017-11-16T19:07:38
error,2017-11-16T19:06:25,2017-11-16T19:07:38
error,2017-11-16T19:05:08,2017-11-16T19:07:38
error,2017-11-16T19:07:00,2017-11-16T19:07:38
error,2017-11-16T19:05:40,2017-11-16T19:07:38
error,2017-11-16T19:06:40,2017-11-16T19:07:38
error,2017-11-16T19:07:14,2017-11-16T19:07:38
error,2017-11-16T19:05:34,2017-11-16T19:07:38
error,2017-11-16T19:06:03,2017-11-16T19:07:38
error,2017-11-16T19:06:57,2017-11-16T19:07:38
error,2017-11-16T19:06:47,2017-11-16T19:07:38
error,2017-11-16T19:07:25,2017-11-16T19:07:38
error,2017-11-16T19:06:54,2017-11-16T19:07:38
error,2017-11-16T19:07:11,2017-11-16T19:07:38
error,2017-11-16T19:04:25,2017-11-16T19:07:38
error,2017-11-16T19:05:53,2017-11-16T19:07:38
error,2017-11-16T19:05:28,2017-11-16T19:07:38
error,2017-11-16T19:06:39,2017-11-16T19:07:38
error,2017-11-16T19:05:19,2017-11-16T19:07:38
error,2017-11-16T19:07:04,2017-11-16T19:07:38
error,2017-11-16T19:05:02,2017-11-16T19:07:38
error,2017-11-16T19:06:51,2017-11-16T19:07:38
error,2017-11-16T19:05:51,2017-11-16T19:07:38
error,2017-11-16T19:07:05,2017-11-16T19:07:38
error,2017-11-16T19:06:48,2017-11-16T19:07:38
error,2017-11-16T19:07:09,2017-11-16T19:07:38
error,2017-11-16T19:06:44,2017-11-16T19:07:38
error,2017-11-16T19:07:29,2017-11-16T19:07:38
error,2017-11-16T19:06:39,2017-11-16T19:07:38
error,2017-11-16T19:07:30,2017-11-16T19:07:38
error,2017-11-16T19:07:32,2017-11-16T19:07:38
error,2017-11-16T19:05:14,2017-11-16T19:07:39
error,2017-11-16T19:07:19,2017-11-16T19:07:39
error,2017-11-16T19:07:32,2017-11-16T19:07:39
error,2017-11-16T19:06:43,2017-11-16T19:07:42
error,2017-11-16T19:06:48,2017-11-16T19:07:42
error,2017-11-16T19:06:50,2017-11-16T19:07:42
error,2017-11-16T19:07:39,2017-11-16T19:07:45
error,2017-11-16T19:07:03,2017-11-16T19:07:45
error,2017-11-16T19:07:36,2017-11-16T19:07:45
error,2017-11-16T19:07:29,2017-11-16T19:07:45
error,2017-11-16T19:06:52,2017-11-16T19:07:45
error,2017-11-16T19:07:35,2017-11-16T19:07:45
error,2017-11-16T19:07:15,2017-11-16T19:07:45
error,2017-11-16T19:07:41,2017-11-16T19:07:45
error,2017-11-16T19:07:47,2017-11-16T19:07:47
error,2017-11-16T19:07:24,2017-11-16T19:07:48
error,2017-11-16T19:06:35,2017-11-16T19:07:48
error,2017-11-16T19:04:56,2017-11-16T19:07:51
error,2017-11-16T19:07:48,2017-11-16T19:07:51
error,2017-11-16T19:07:52,2017-11-16T19:07:52
error,2017-11-16T19:04:34,2017-11-16T19:07:52
error,2017-11-16T19:04:37,2017-11-16T19:07:52
error,2017-11-16T19:04:35,2017-11-16T19:07:52
error,2017-11-16T19:07:53,2017-11-16T19:07:53
error,2017-11-16T19:07:21,2017-11-16T19:07:54
error,2017-11-16T19:07:57,2017-11-16T19:07:57
error,2017-11-16T19:07:48,2017-11-16T19:07:57
error,2017-11-16T19:07:28,2017-11-16T19:07:57
error,2017-11-16T19:07:33,2017-11-16T19:07:57
error,2017-11-16T19:07:48,2017-11-16T19:07:57
error,2017-11-16T19:04:57,2017-11-16T19:08:00
error,2017-11-16T19:04:56,2017-11-16T19:08:00
error,2017-11-16T19:07:56,2017-11-16T19:08:03
error,2017-11-16T19:07:54,2017-11-16T19:08:03
error,2017-11-16T19:08:01,2017-11-16T19:08:03
error,2017-11-16T19:08:05,2017-11-16T19:08:05
error,2017-11-16T19:06:59,2017-11-16T19:08:06
error,2017-11-16T19:08:01,2017-11-16T19:08:06
error,2017-11-16T19:08:03,2017-11-16T19:08:06
error,2017-11-16T19:07:58,2017-11-16T19:08:06
error,2017-11-16T19:07:54,2017-11-16T19:08:09
error,2017-11-16T19:08:06,2017-11-16T19:08:09
error,2017-11-16T19:07:52,2017-11-16T19:08:09
error,2017-11-16T19:07:57,2017-11-16T19:08:09
error,2017-11-16T19:08:06,2017-11-16T19:08:09
error,2017-11-16T19:07:20,2017-11-16T19:08:09
error,2017-11-16T19:07:57,2017-11-16T19:08:09
error,2017-11-16T19:08:10,2017-11-16T19:08:10
error,2017-11-16T19:05:56,2017-11-16T19:08:12
error,2017-11-16T19:05:44,2017-11-16T19:08:12
error,2017-11-16T19:06:04,2017-11-16T19:08:12
error,2017-11-16T19:04:56,2017-11-16T19:08:12
error,2017-11-16T19:06:38,2017-11-16T19:08:12
error,2017-11-16T19:06:23,2017-11-16T19:08:12
error,2017-11-16T19:08:14,2017-11-16T19:08:14
error,2017-11-16T19:08:11,2017-11-16T19:08:15
error,2017-11-16T19:06:45,2017-11-16T19:08:15
error,2017-11-16T19:07:59,2017-11-16T19:08:15
error,2017-11-16T19:08:12,2017-11-16T19:08:15
error,2017-11-16T19:08:13,2017-11-16T19:08:15
error,2017-11-16T19:08:16,2017-11-16T19:08:16
error,2017-11-16T19:06:41,2017-11-16T19:08:18
error,2017-11-16T19:08:12,2017-11-16T19:08:18
error,2017-11-16T19:08:01,2017-11-16T19:08:18
error,2017-11-16T19:05:30,2017-11-16T19:08:18
error,2017-11-16T19:05:41,2017-11-16T19:08:18
error,2017-11-16T19:08:20,2017-11-16T19:08:20
error,2017-11-16T19:08:12,2017-11-16T19:08:21
error,2017-11-16T19:08:17,2017-11-16T19:08:21
error,2017-11-16T19:08:22,2017-11-16T19:08:22
error,2017-11-16T19:08:15,2017-11-16T19:08:24
error,2017-11-16T19:08:18,2017-11-16T19:08:24
error,2017-11-16T19:08:21,2017-11-16T19:08:24
error,2017-11-16T19:07:50,2017-11-16T19:08:24
error,2017-11-16T19:08:15,2017-11-16T19:08:24
error,2017-11-16T19:07:51,2017-11-16T19:08:27
error,2017-11-16T19:08:17,2017-11-16T19:08:27
error,2017-11-16T19:08:19,2017-11-16T19:08:27
error,2017-11-16T19:08:28,2017-11-16T19:08:28
error,2017-11-16T19:08:15,2017-11-16T19:08:30
error,2017-11-16T19:08:26,2017-11-16T19:08:30
error,2017-11-16T19:08:17,2017-11-16T19:08:30
error,2017-11-16T19:08:27,2017-11-16T19:08:30
error,2017-11-16T19:08:16,2017-11-16T19:08:33
error,2017-11-16T19:08:28,2017-11-16T19:08:33
error,2017-11-16T19:08:24,2017-11-16T19:08:33
error,2017-11-16T19:08:27,2017-11-16T19:08:36
error,2017-11-16T19:08:27,2017-11-16T19:08:36
error,2017-11-16T19:08:38,2017-11-16T19:08:38
error,2017-11-16T19:06:05,2017-11-16T19:08:38
error,2017-11-16T19:06:55,2017-11-16T19:08:38
error,2017-11-16T19:07:37,2017-11-16T19:08:38
error,2017-11-16T19:06:53,2017-11-16T19:08:38
error,2017-11-16T19:06:56,2017-11-16T19:08:38
error,2017-11-16T19:07:34,2017-11-16T19:08:38
error,2017-11-16T19:07:06,2017-11-16T19:08:38
error,2017-11-16T19:06:59,2017-11-16T19:08:38
error,2017-11-16T19:05:40,2017-11-16T19:08:38
error,2017-11-16T19:07:06,2017-11-16T19:08:38
error,2017-11-16T19:07:21,2017-11-16T19:08:38
error,2017-11-16T19:07:35,2017-11-16T19:08:38
error,2017-11-16T19:06:32,2017-11-16T19:08:38
error,2017-11-16T19:07:30,2017-11-16T19:08:38
error,2017-11-16T19:07:05,2017-11-16T19:08:38
error,2017-11-16T19:07:33,2017-11-16T19:08:38
error,2017-11-16T19:06:48,2017-11-16T19:08:38
error,2017-11-16T19:07:35,2017-11-16T19:08:38
error,2017-11-16T19:06:53,2017-11-16T19:08:38
error,2017-11-16T19:07:32,2017-11-16T19:08:38
error,2017-11-16T19:07:37,2017-11-16T19:08:38
error,2017-11-16T19:06:46,2017-11-16T19:08:38
error,2017-11-16T19:06:58,2017-11-16T19:08:38
error,2017-11-16T19:07:28,2017-11-16T19:08:38
error,2017-11-16T19:07:35,2017-11-16T19:08:38
error,2017-11-16T19:08:29,2017-11-16T19:08:39
error,2017-11-16T19:08:19,2017-11-16T19:08:39
error,2017-11-16T19:08:19,2017-11-16T19:08:39
error,2017-11-16T19:08:03,2017-11-16T19:08:39
error,2017-11-16T19:07:33,2017-11-16T19:08:42
error,2017-11-16T19:07:16,2017-11-16T19:08:42
error,2017-11-16T19:06:46,2017-11-16T19:08:42
error,2017-11-16T19:05:31,2017-11-16T19:08:42
error,2017-11-16T19:08:42,2017-11-16T19:08:42
error,2017-11-16T19:08:31,2017-11-16T19:08:45
error,2017-11-16T19:08:38,2017-11-16T19:08:45
error,2017-11-16T19:08:39,2017-11-16T19:08:45
error,2017-11-16T19:07:46,2017-11-16T19:08:46
error,2017-11-16T19:07:46,2017-11-16T19:08:46
error,2017-11-16T19:08:40,2017-11-16T19:08:48
error,2017-11-16T19:06:51,2017-11-16T19:08:48
error,2017-11-16T19:07:36,2017-11-16T19:08:48
error,2017-11-16T19:08:49,2017-11-16T19:08:49
error,2017-11-16T19:08:28,2017-11-16T19:08:51
error,2017-11-16T19:08:35,2017-11-16T19:08:51
error,2017-11-16T19:07:52,2017-11-16T19:08:52
error,2017-11-16T19:08:51,2017-11-16T19:08:54
error,2017-11-16T19:08:45,2017-11-16T19:08:54
error,2017-11-16T19:08:50,2017-11-16T19:08:54
error,2017-11-16T19:04:23,2017-11-16T19:08:54
error,2017-11-16T19:07:53,2017-11-16T19:08:54
error,2017-11-16T19:08:54,2017-11-16T19:08:54
error,2017-11-16T19:07:56,2017-11-16T19:08:56
error,2017-11-16T19:07:57,2017-11-16T19:08:57
error,2017-11-16T19:07:44,2017-11-16T19:08:57
error,2017-11-16T19:08:45,2017-11-16T19:08:57
error,2017-11-16T19:08:53,2017-11-16T19:08:57
error,2017-11-16T19:08:37,2017-11-16T19:08:57
error,2017-11-16T19:08:52,2017-11-16T19:09:00
error,2017-11-16T19:07:42,2017-11-16T19:09:00
error,2017-11-16T19:08:54,2017-11-16T19:09:00
error,2017-11-16T19:07:55,2017-11-16T19:09:00
error,2017-11-16T19:09:01,2017-11-16T19:09:03
error,2017-11-16T19:08:54,2017-11-16T19:09:03
error,2017-11-16T19:08:29,2017-11-16T19:09:03
error,2017-11-16T19:08:59,2017-11-16T19:09:03
error,2017-11-16T19:09:04,2017-11-16T19:09:04
error,2017-11-16T19:08:05,2017-11-16T19:09:05
error,2017-11-16T19:09:06,2017-11-16T19:09:06
error,2017-11-16T19:08:28,2017-11-16T19:09:06
error,2017-11-16T19:08:57,2017-11-16T19:09:06
error,2017-11-16T19:08:07,2017-11-16T19:09:07
error,2017-11-16T19:08:09,2017-11-16T19:09:09
error,2017-11-16T19:08:09,2017-11-16T19:09:09
error,2017-11-16T19:08:09,2017-11-16T19:09:09
error,2017-11-16T19:04:56,2017-11-16T19:09:09
error,2017-11-16T19:09:03,2017-11-16T19:09:09
error,2017-11-16T19:09:07,2017-11-16T19:09:09
error,2017-11-16T19:09:03,2017-11-16T19:09:09
error,2017-11-16T19:08:11,2017-11-16T19:09:11
error,2017-11-16T19:09:04,2017-11-16T19:09:12
error,2017-11-16T19:09:09,2017-11-16T19:09:12
error,2017-11-16T19:08:14,2017-11-16T19:09:14
error,2017-11-16T19:08:14,2017-11-16T19:09:14
error,2017-11-16T19:09:04,2017-11-16T19:09:15
error,2017-11-16T19:09:05,2017-11-16T19:09:15
error,2017-11-16T19:08:01,2017-11-16T19:09:15
error,2017-11-16T19:08:13,2017-11-16T19:09:15
error,2017-11-16T19:08:17,2017-11-16T19:09:17
error,2017-11-16T19:09:18,2017-11-16T19:09:18
error,2017-11-16T19:09:12,2017-11-16T19:09:18
error,2017-11-16T19:08:01,2017-11-16T19:09:18
error,2017-11-16T19:09:19,2017-11-16T19:09:19
error,2017-11-16T19:09:21,2017-11-16T19:09:21
error,2017-11-16T19:08:58,2017-11-16T19:09:21
error,2017-11-16T19:09:19,2017-11-16T19:09:21
error,2017-11-16T19:09:23,2017-11-16T19:09:23
error,2017-11-16T19:09:19,2017-11-16T19:09:27
error,2017-11-16T19:09:25,2017-11-16T19:09:27
error,2017-11-16T19:08:22,2017-11-16T19:09:27
error,2017-11-16T19:09:10,2017-11-16T19:09:27
error,2017-11-16T19:08:11,2017-11-16T19:09:27
error,2017-11-16T19:09:24,2017-11-16T19:09:27
error,2017-11-16T19:09:28,2017-11-16T19:09:28
error,2017-11-16T19:07:28,2017-11-16T19:09:30
error,2017-11-16T19:09:17,2017-11-16T19:09:30
error,2017-11-16T19:09:29,2017-11-16T19:09:30
error,2017-11-16T19:09:32,2017-11-16T19:09:32
error,2017-11-16T19:09:09,2017-11-16T19:09:33
error,2017-11-16T19:09:28,2017-11-16T19:09:33
error,2017-11-16T19:08:25,2017-11-16T19:09:33
error,2017-11-16T19:08:11,2017-11-16T19:09:33
error,2017-11-16T19:09:22,2017-11-16T19:09:33
error,2017-11-16T19:09:22,2017-11-16T19:09:33
error,2017-11-16T19:09:30,2017-11-16T19:09:33
error,2017-11-16T19:08:28,2017-11-16T19:09:33
error,2017-11-16T19:09:31,2017-11-16T19:09:36
error,2017-11-16T19:06:58,2017-11-16T19:09:38
error,2017-11-16T19:07:15,2017-11-16T19:09:38
error,2017-11-16T19:07:32,2017-11-16T19:09:38
error,2017-11-16T19:06:52,2017-11-16T19:09:38
error,2017-11-16T19:06:22,2017-11-16T19:09:38
error,2017-11-16T19:07:38,2017-11-16T19:09:38
error,2017-11-16T19:09:38,2017-11-16T19:09:39
error,2017-11-16T19:09:33,2017-11-16T19:09:39
error,2017-11-16T19:09:33,2017-11-16T19:09:39
error,2017-11-16T19:09:36,2017-11-16T19:09:42
error,2017-11-16T19:09:34,2017-11-16T19:09:42
error,2017-11-16T19:09:43,2017-11-16T19:09:43
error,2017-11-16T19:08:43,2017-11-16T19:09:43
error,2017-11-16T19:09:32,2017-11-16T19:09:45
error,2017-11-16T19:09:35,2017-11-16T19:09:45
error,2017-11-16T19:09:35,2017-11-16T19:09:45
error,2017-11-16T19:09:40,2017-11-16T19:09:45
error,2017-11-16T19:09:45,2017-11-16T19:09:45
error,2017-11-16T19:09:46,2017-11-16T19:09:46
error,2017-11-16T19:09:44,2017-11-16T19:09:48
error,2017-11-16T19:09:39,2017-11-16T19:09:48
error,2017-11-16T19:09:39,2017-11-16T19:09:48
error,2017-11-16T19:09:28,2017-11-16T19:09:48
error,2017-11-16T19:09:38,2017-11-16T19:09:51
error,2017-11-16T19:09:38,2017-11-16T19:09:51
error,2017-11-16T19:09:45,2017-11-16T19:09:51
error,2017-11-16T19:09:47,2017-11-16T19:09:51
error,2017-11-16T19:09:51,2017-11-16T19:09:51
error,2017-11-16T19:09:38,2017-11-16T19:09:54
error,2017-11-16T19:09:51,2017-11-16T19:09:54
error,2017-11-16T19:09:48,2017-11-16T19:09:57
error,2017-11-16T19:09:51,2017-11-16T19:09:57
error,2017-11-16T19:09:53,2017-11-16T19:09:57
error,2017-11-16T19:09:53,2017-11-16T19:09:57
error,2017-11-16T19:09:22,2017-11-16T19:10:00
error,2017-11-16T19:09:33,2017-11-16T19:10:00
error,2017-11-16T19:09:50,2017-11-16T19:10:00
error,2017-11-16T19:09:54,2017-11-16T19:10:00
error,2017-11-16T19:09:50,2017-11-16T19:10:00
error,2017-11-16T19:09:03,2017-11-16T19:10:03
error,2017-11-16T19:09:30,2017-11-16T19:10:03
error,2017-11-16T19:09:45,2017-11-16T19:10:03
error,2017-11-16T19:09:54,2017-11-16T19:10:03
error,2017-11-16T19:10:04,2017-11-16T19:10:05
error,2017-11-16T19:09:05,2017-11-16T19:10:05
error,2017-11-16T19:10:06,2017-11-16T19:10:06
error,2017-11-16T19:09:32,2017-11-16T19:10:06
error,2017-11-16T19:09:59,2017-11-16T19:10:06
error,2017-11-16T19:10:05,2017-11-16T19:10:06
error,2017-11-16T19:09:56,2017-11-16T19:10:06
error,2017-11-16T19:09:33,2017-11-16T19:10:06
error,2017-11-16T19:09:56,2017-11-16T19:10:06
error,2017-11-16T19:09:08,2017-11-16T19:10:08
error,2017-11-16T19:08:09,2017-11-16T19:10:09
error,2017-11-16T19:09:46,2017-11-16T19:10:09
error,2017-11-16T19:09:07,2017-11-16T19:10:09
error,2017-11-16T19:08:52,2017-11-16T19:10:09
error,2017-11-16T19:10:10,2017-11-16T19:10:10
error,2017-11-16T19:10:07,2017-11-16T19:10:12
error,2017-11-16T19:09:56,2017-11-16T19:10:12
error,2017-11-16T19:10:02,2017-11-16T19:10:12
error,2017-11-16T19:09:36,2017-11-16T19:10:12
error,2017-11-16T19:10:05,2017-11-16T19:10:12
error,2017-11-16T19:10:09,2017-11-16T19:10:12
error,2017-11-16T19:09:13,2017-11-16T19:10:13
error,2017-11-16T19:10:10,2017-11-16T19:10:15
error,2017-11-16T19:09:17,2017-11-16T19:10:17
error,2017-11-16T19:09:43,2017-11-16T19:10:18
error,2017-11-16T19:10:06,2017-11-16T19:10:18
error,2017-11-16T19:10:09,2017-11-16T19:10:18
error,2017-11-16T19:10:10,2017-11-16T19:10:18
error,2017-11-16T19:10:19,2017-11-16T19:10:21
error,2017-11-16T19:09:58,2017-11-16T19:10:21
error,2017-11-16T19:09:44,2017-11-16T19:10:21
error,2017-11-16T19:10:18,2017-11-16T19:10:24
error,2017-11-16T19:10:19,2017-11-16T19:10:24
error,2017-11-16T19:10:15,2017-11-16T19:10:24
error,2017-11-16T19:10:03,2017-11-16T19:10:24
error,2017-11-16T19:10:09,2017-11-16T19:10:24
error,2017-11-16T19:08:25,2017-11-16T19:10:25
error,2017-11-16T19:10:27,2017-11-16T19:10:27
error,2017-11-16T19:09:24,2017-11-16T19:10:27
error,2017-11-16T19:10:24,2017-11-16T19:10:27
error,2017-11-16T19:10:25,2017-11-16T19:10:27
error,2017-11-16T19:10:28,2017-11-16T19:10:28
error,2017-11-16T19:10:22,2017-11-16T19:10:30
error,2017-11-16T19:10:25,2017-11-16T19:10:30
error,2017-11-16T19:10:26,2017-11-16T19:10:30
error,2017-11-16T19:10:21,2017-11-16T19:10:33
error,2017-11-16T19:10:25,2017-11-16T19:10:33
error,2017-11-16T19:10:31,2017-11-16T19:10:33
error,2017-11-16T19:10:22,2017-11-16T19:10:33
error,2017-11-16T19:08:17,2017-11-16T19:10:33
error,2017-11-16T19:10:31,2017-11-16T19:10:36
error,2017-11-16T19:10:37,2017-11-16T19:10:37
error,2017-11-16T19:10:38,2017-11-16T19:10:38
error,2017-11-16T19:10:36,2017-11-16T19:10:39
error,2017-11-16T19:10:34,2017-11-16T19:10:39
error,2017-11-16T19:09:37,2017-11-16T19:10:39
error,2017-11-16T19:10:36,2017-11-16T19:10:39
error,2017-11-16T19:10:31,2017-11-16T19:10:39
error,2017-11-16T19:10:41,2017-11-16T19:10:41
error,2017-11-16T19:10:32,2017-11-16T19:10:42
error,2017-11-16T19:10:37,2017-11-16T19:10:42
error,2017-11-16T19:10:40,2017-11-16T19:10:42
error,2017-11-16T19:10:42,2017-11-16T19:10:42
error,2017-11-16T19:08:43,2017-11-16T19:10:43
error,2017-11-16T19:10:39,2017-11-16T19:10:45
error,2017-11-16T19:10:39,2017-11-16T19:10:45
error,2017-11-16T19:09:40,2017-11-16T19:10:45
error,2017-11-16T19:10:43,2017-11-16T19:10:45
error,2017-11-16T19:09:46,2017-11-16T19:10:46
error,2017-11-16T19:08:46,2017-11-16T19:10:46
error,2017-11-16T19:10:47,2017-11-16T19:10:47
error,2017-11-16T19:10:47,2017-11-16T19:10:47
error,2017-11-16T19:10:37,2017-11-16T19:10:48
error,2017-11-16T19:10:15,2017-11-16T19:10:48
error,2017-11-16T19:10:45,2017-11-16T19:10:48
error,2017-11-16T19:10:42,2017-11-16T19:10:48
error,2017-11-16T19:09:44,2017-11-16T19:10:51
error,2017-11-16T19:09:15,2017-11-16T19:10:51
error,2017-11-16T19:09:44,2017-11-16T19:10:54
error,2017-11-16T19:09:49,2017-11-16T19:10:54
error,2017-11-16T19:10:46,2017-11-16T19:10:54
error,2017-11-16T19:10:51,2017-11-16T19:10:54
error,2017-11-16T19:09:21,2017-11-16T19:10:54
error,2017-11-16T19:10:48,2017-11-16T19:10:57
error,2017-11-16T19:10:50,2017-11-16T19:10:57
error,2017-11-16T19:10:57,2017-11-16T19:10:57
error,2017-11-16T19:10:59,2017-11-16T19:10:59
error,2017-11-16T19:10:49,2017-11-16T19:11:00
error,2017-11-16T19:10:43,2017-11-16T19:11:00
error,2017-11-16T19:10:57,2017-11-16T19:11:00
error,2017-11-16T19:10:50,2017-11-16T19:11:00
error,2017-11-16T19:10:54,2017-11-16T19:11:00
error,2017-11-16T19:10:56,2017-11-16T19:11:00
error,2017-11-16T19:10:01,2017-11-16T19:11:01
error,2017-11-16T19:10:01,2017-11-16T19:11:01
error,2017-11-16T19:09:02,2017-11-16T19:11:02
error,2017-11-16T19:10:57,2017-11-16T19:11:03
error,2017-11-16T19:10:46,2017-11-16T19:11:03
error,2017-11-16T19:10:53,2017-11-16T19:11:06
error,2017-11-16T19:10:53,2017-11-16T19:11:06
error,2017-11-16T19:10:57,2017-11-16T19:11:06
error,2017-11-16T19:11:09,2017-11-16T19:11:09
error,2017-11-16T19:10:49,2017-11-16T19:11:09
error,2017-11-16T19:11:07,2017-11-16T19:11:09
error,2017-11-16T19:11:04,2017-11-16T19:11:09
error,2017-11-16T19:10:11,2017-11-16T19:11:11
error,2017-11-16T19:11:07,2017-11-16T19:11:12
error,2017-11-16T19:09:55,2017-11-16T19:11:12
error,2017-11-16T19:10:08,2017-11-16T19:11:12
error,2017-11-16T19:11:07,2017-11-16T19:11:12
error,2017-11-16T19:10:14,2017-11-16T19:11:14
error,2017-11-16T19:09:14,2017-11-16T19:11:14
error,2017-11-16T19:11:07,2017-11-16T19:11:15
error,2017-11-16T19:10:41,2017-11-16T19:11:15
error,2017-11-16T19:11:18,2017-11-16T19:11:18
error,2017-11-16T19:11:15,2017-11-16T19:11:18
error,2017-11-16T19:11:16,2017-11-16T19:11:18
error,2017-11-16T19:11:09,2017-11-16T19:11:18
error,2017-11-16T19:11:13,2017-11-16T19:11:18
error,2017-11-16T19:09:20,2017-11-16T19:11:20
error,2017-11-16T19:09:18,2017-11-16T19:11:21
error,2017-11-16T19:11:13,2017-11-16T19:11:21
error,2017-11-16T19:11:17,2017-11-16T19:11:21
error,2017-11-16T19:10:55,2017-11-16T19:11:21
error,2017-11-16T19:11:22,2017-11-16T19:11:22
error,2017-11-16T19:11:02,2017-11-16T19:11:24
error,2017-11-16T19:11:07,2017-11-16T19:11:24
error,2017-11-16T19:11:16,2017-11-16T19:11:24
error,2017-11-16T19:11:13,2017-11-16T19:11:24
error,2017-11-16T19:11:26,2017-11-16T19:11:26
error,2017-11-16T19:11:27,2017-11-16T19:11:27
error,2017-11-16T19:11:19,2017-11-16T19:11:27
error,2017-11-16T19:11:24,2017-11-16T19:11:27
error,2017-11-16T19:10:29,2017-11-16T19:11:29
error,2017-11-16T19:11:29,2017-11-16T19:11:29
error,2017-11-16T19:11:20,2017-11-16T19:11:30
error,2017-11-16T19:11:10,2017-11-16T19:11:30
error,2017-11-16T19:11:27,2017-11-16T19:11:30
error,2017-11-16T19:11:23,2017-11-16T19:11:30
error,2017-11-16T19:10:32,2017-11-16T19:11:32
error,2017-11-16T19:11:27,2017-11-16T19:11:33
error,2017-11-16T19:11:25,2017-11-16T19:11:33
error,2017-11-16T19:11:27,2017-11-16T19:11:33
error,2017-11-16T19:11:21,2017-11-16T19:11:33
error,2017-11-16T19:10:58,2017-11-16T19:11:33
error,2017-11-16T19:10:35,2017-11-16T19:11:35
error,2017-11-16T19:11:19,2017-11-16T19:11:36
error,2017-11-16T19:11:33,2017-11-16T19:11:39
error,2017-11-16T19:10:22,2017-11-16T19:11:39
error,2017-11-16T19:11:20,2017-11-16T19:11:39
error,2017-11-16T19:11:31,2017-11-16T19:11:42
error,2017-11-16T19:09:43,2017-11-16T19:11:43
error,2017-11-16T19:11:34,2017-11-16T19:11:45
success,2017-11-16T19:10:29,2017-11-16T19:11:50
error,2017-11-16T19:11:12,2017-11-16T19:11:51
error,2017-11-16T19:10:52,2017-11-16T19:11:54
success,2017-11-16T19:11:34,2017-11-16T19:11:54
error,2017-11-16T19:11:49,2017-11-16T19:11:57
error,2017-11-16T19:11:24,2017-11-16T19:12:00
success,2017-11-16T19:11:31,2017-11-16T19:12:02
